ProcessID,ArrivalTime,BurstTime,Priority,GroupID
P1_1,31,7,5,1
P1_2,3,6,3,1
P1_3,10,20,5,1
P1_4,38,5,4,1
P1_5,43,13,4,1
P1_6,6,4,3,1
P1_7,18,13,5,1
P1_8,12,12,2,1
P1_9,26,16,5,1
P1_10,27,10,1,1
P1_11,23,14,2,1
P1_12,28,15,4,1
P1_13,10,18,3,1
P1_14,12,7,3,1
P1_15,39,16,1,1
P1_16,43,11,1,1
P1_17,47,4,4,1
P1_18,14,18,2,1
P1_19,17,19,4,1
P1_20,23,13,4,1
P1_21,44,19,3,1
P1_22,49,6,1,1
P1_23,27,8,1,1
P1_24,43,16,2,1
P1_25,29,4,4,1
P1_26,49,9,3,1
P1_27,44,9,5,1
P1_28,13,15,4,1
P1_29,27,1,2,1
P1_30,8,5,3,1
P1_31,30,4,4,1
P1_32,4,9,4,1
P1_33,15,3,3,1
P1_34,37,9,4,1
P1_35,27,10,5,1
P1_36,35,10,4,1
P1_37,8,14,3,1
P1_38,39,10,1,1
P1_39,0,13,2,1
P1_40,8,4,3,1
P1_41,44,12,1,1
P1_42,35,17,2,1
P1_43,50,1,1,1
P1_44,15,20,3,1
P1_45,16,18,5,1
P1_46,19,3,2,1
P1_47,49,6,4,1
P1_48,24,3,3,1
P1_49,36,13,4,1
P1_50,13,4,3,1
P2_1,6,16,1,2
P2_2,17,14,5,2
P2_3,47,10,2,2
P2_4,21,15,5,2
P2_5,37,4,4,2
P2_6,32,13,2,2
P2_7,18,10,1,2
P2_8,36,2,4,2
P2_9,18,19,1,2
P2_10,25,1,3,2
P2_11,47,11,5,2
P2_12,30,15,1,2
P2_13,10,2,2,2
P2_14,22,2,2,2
P2_15,1,3,3,2
P2_16,0,8,2,2
P2_17,25,16,5,2
P2_18,43,1,3,2
P2_19,2,17,1,2
P2_20,5,1,1,2
P2_21,33,11,2,2
P2_22,39,12,2,2
P2_23,6,6,3,2
P2_24,38,3,3,2
P2_25,38,15,2,2
P2_26,43,10,1,2
P2_27,30,14,1,2
P2_28,49,9,1,2
P2_29,50,8,2,2
P2_30,20,8,5,2
P2_31,24,2,3,2
P2_32,14,11,1,2
P2_33,10,6,5,2
P2_34,1,16,3,2
P2_35,20,18,4,2
P2_36,48,16,1,2
P2_37,38,12,2,2
P2_38,8,13,3,2
P2_39,32,2,1,2
P2_40,50,10,5,2
P2_41,35,12,1,2
P2_42,4,20,4,2
P2_43,32,13,3,2
P2_44,24,14,1,2
P2_45,6,10,1,2
P2_46,43,4,4,2
P2_47,11,16,2,2
P2_48,12,11,3,2
P2_49,2,16,1,2
P2_50,40,12,1,2
P3_1,12,3,2,3
P3_2,50,11,4,3
P3_3,33,8,1,3
P3_4,29,5,1,3
P3_5,18,8,3,3
P3_6,8,4,2,3
P3_7,45,7,1,3
P3_8,20,13,2,3
P3_9,2,13,3,3
P3_10,18,3,1,3
P3_11,28,18,1,3
P3_12,21,5,4,3
P3_13,3,18,2,3
P3_14,15,7,2,3
P3_15,6,12,4,3
P3_16,18,17,5,3
P3_17,37,14,2,3
P3_18,14,20,2,3
P3_19,41,15,4,3
P3_20,50,6,3,3
P3_21,2,6,2,3
P3_22,18,14,1,3
P3_23,14,18,3,3
P3_24,42,1,1,3
P3_25,28,5,2,3
P3_26,15,2,2,3
P3_27,23,12,2,3
P3_28,3,4,5,3
P3_29,17,1,4,3
P3_30,10,16,4,3
P3_31,2,18,2,3
P3_32,24,15,3,3
P3_33,5,1,1,3
P3_34,0,18,4,3
P3_35,9,3,2,3
P3_36,14,6,2,3
P3_37,20,9,3,3
P3_38,46,12,1,3
P3_39,18,6,1,3
P3_40,17,16,5,3
P3_41,28,9,2,3
P3_42,34,18,3,3
P3_43,27,9,3,3
P3_44,49,6,1,3
P3_45,20,20,2,3
P3_46,28,6,3,3
P3_47,19,15,3,3
P3_48,4,6,4,3
P3_49,48,17,4,3
P3_50,40,1,1,3
P4_1,47,9,4,4
P4_2,9,2,4,4
P4_3,41,15,4,4
P4_4,0,18,1,4
P4_5,41,18,1,4
P4_6,6,2,3,4
P4_7,18,3,5,4
P4_8,6,4,1,4
P4_9,33,12,5,4
P4_10,36,13,1,4
P4_11,12,5,5,4
P4_12,34,17,4,4
P4_13,45,1,2,4
P4_14,3,4,5,4
P4_15,29,20,4,4
P4_16,25,2,1,4
P4_17,30,14,3,4
P4_18,6,13,5,4
P4_19,17,20,1,4
P4_20,15,2,1,4
P4_21,1,4,3,4
P4_22,12,12,1,4
P4_23,15,7,3,4
P4_24,4,16,3,4
P4_25,25,5,4,4
P4_26,34,11,1,4
P4_27,15,9,2,4
P4_28,12,2,5,4
P4_29,20,19,1,4
P4_30,18,12,3,4
P4_31,9,3,1,4
P4_32,49,4,1,4
P4_33,1,18,2,4
P4_34,49,2,1,4
P4_35,44,15,1,4
P4_36,3,5,2,4
P4_37,23,1,3,4
P4_38,40,4,2,4
P4_39,32,4,3,4
P4_40,45,3,4,4
P4_41,9,13,5,4
P4_42,23,19,1,4
P4_43,22,9,2,4
P4_44,21,11,2,4
P4_45,43,3,1,4
P4_46,38,7,5,4
P4_47,43,7,3,4
P4_48,38,2,5,4
P4_49,22,14,2,4
P4_50,7,4,3,4
P5_1,22,10,3,5
P5_2,30,13,1,5
P5_3,8,19,5,5
P5_4,15,14,1,5
P5_5,11,8,3,5
P5_6,34,18,3,5
P5_7,32,4,4,5
P5_8,37,14,3,5
P5_9,25,1,3,5
P5_10,32,6,3,5
P5_11,7,17,4,5
P5_12,16,4,5,5
P5_13,46,3,4,5
P5_14,45,13,2,5
P5_15,9,16,3,5
P5_16,4,10,2,5
P5_17,45,11,1,5
P5_18,29,13,3,5
P5_19,13,8,1,5
P5_20,18,12,4,5
P5_21,13,11,5,5
P5_22,41,3,2,5
P5_23,5,9,5,5
P5_24,25,11,4,5
P5_25,10,9,2,5
P5_26,43,20,4,5
P5_27,34,17,5,5
P5_28,25,19,2,5
P5_29,47,18,5,5
P5_30,23,13,3,5
P5_31,9,3,3,5
P5_32,11,13,1,5
P5_33,16,1,3,5
P5_34,42,6,5,5
P5_35,6,20,4,5
P5_36,33,3,3,5
P5_37,31,9,1,5
P5_38,12,1,1,5
P5_39,10,4,4,5
P5_40,28,19,2,5
P5_41,17,11,2,5
P5_42,49,3,3,5
P5_43,15,8,4,5
P5_44,9,13,2,5
P5_45,23,2,2,5
P5_46,50,11,5,5
P5_47,35,5,2,5
P5_48,11,11,1,5
P5_49,29,11,1,5
P5_50,32,9,1,5
P6_1,42,8,4,6
P6_2,3,3,5,6
P6_3,36,14,3,6
P6_4,22,10,1,6
P6_5,46,9,3,6
P6_6,39,14,5,6
P6_7,38,1,2,6
P6_8,41,16,3,6
P6_9,41,12,2,6
P6_10,9,5,4,6
P6_11,26,15,3,6
P6_12,46,6,1,6
P6_13,2,17,3,6
P6_14,46,11,3,6
P6_15,11,14,1,6
P6_16,0,17,1,6
P6_17,47,9,5,6
P6_18,3,11,5,6
P6_19,50,19,1,6
P6_20,1,10,2,6
P6_21,45,20,3,6
P6_22,10,5,5,6
P6_23,7,7,5,6
P6_24,24,2,2,6
P6_25,20,14,5,6
P6_26,10,4,5,6
P6_27,33,2,1,6
P6_28,24,2,4,6
P6_29,36,12,5,6
P6_30,8,7,4,6
P6_31,9,6,1,6
P6_32,0,20,3,6
P6_33,26,9,5,6
P6_34,43,17,3,6
P6_35,40,3,3,6
P6_36,38,10,2,6
P6_37,26,18,4,6
P6_38,20,9,5,6
P6_39,9,6,3,6
P6_40,4,11,1,6
P6_41,7,1,2,6
P6_42,49,8,3,6
P6_43,33,5,3,6
P6_44,26,20,2,6
P6_45,19,17,1,6
P6_46,21,17,4,6
P6_47,25,13,5,6
P6_48,5,1,4,6
P6_49,8,10,4,6
P6_50,34,6,5,6
P7_1,4,5,4,7
P7_2,32,13,1,7
P7_3,5,12,2,7
P7_4,23,4,2,7
P7_5,26,1,2,7
P7_6,45,14,4,7
P7_7,24,5,4,7
P7_8,12,20,1,7
P7_9,3,11,3,7
P7_10,33,19,5,7
P7_11,18,19,1,7
P7_12,7,19,2,7
P7_13,44,8,2,7
P7_14,38,15,5,7
P7_15,27,5,3,7
P7_16,3,2,1,7
P7_17,49,10,2,7
P7_18,11,19,3,7
P7_19,29,20,3,7
P7_20,21,6,3,7
P7_21,11,20,5,7
P7_22,10,15,4,7
P7_23,11,7,1,7
P7_24,22,15,4,7
P7_25,22,13,3,7
P7_26,37,1,4,7
P7_27,34,8,1,7
P7_28,17,11,3,7
P7_29,12,10,1,7
P7_30,44,8,4,7
P7_31,50,5,5,7
P7_32,7,2,5,7
P7_33,42,17,2,7
P7_34,30,4,4,7
P7_35,41,7,5,7
P7_36,21,9,2,7
P7_37,24,1,5,7
P7_38,24,10,4,7
P7_39,0,16,3,7
P7_40,11,4,3,7
P7_41,49,19,3,7
P7_42,29,10,5,7
P7_43,44,19,2,7
P7_44,50,12,1,7
P7_45,16,9,1,7
P7_46,23,15,1,7
P7_47,26,14,3,7
P7_48,44,7,3,7
P7_49,47,12,3,7
P7_50,41,9,3,7
P8_1,41,10,4,8
P8_2,35,7,3,8
P8_3,24,14,3,8
P8_4,28,12,1,8
P8_5,33,17,5,8
P8_6,17,8,3,8
P8_7,16,14,3,8
P8_8,26,7,1,8
P8_9,1,10,3,8
P8_10,8,15,3,8
P8_11,48,11,2,8
P8_12,41,1,5,8
P8_13,42,13,4,8
P8_14,20,6,3,8
P8_15,26,4,1,8
P8_16,19,10,1,8
P8_17,7,5,1,8
P8_18,48,19,1,8
P8_19,31,18,5,8
P8_20,8,4,4,8
P8_21,40,18,4,8
P8_22,43,9,5,8
P8_23,43,13,3,8
P8_24,39,6,1,8
P8_25,16,16,4,8
P8_26,18,18,1,8
P8_27,30,8,2,8
P8_28,46,7,2,8
P8_29,4,5,3,8
P8_30,37,1,3,8
P8_31,34,7,2,8
P8_32,10,5,3,8
P8_33,8,16,2,8
P8_34,23,2,4,8
P8_35,31,8,5,8
P8_36,50,13,2,8
P8_37,30,14,4,8
P8_38,37,15,3,8
P8_39,18,14,3,8
P8_40,11,20,2,8
P8_41,10,4,2,8
P8_42,26,4,1,8
P8_43,25,9,2,8
P8_44,44,1,1,8
P8_45,11,9,3,8
P8_46,33,2,4,8
P8_47,7,7,2,8
P8_48,5,20,2,8
P8_49,30,6,5,8
P8_50,32,14,2,8
P9_1,28,11,4,9
P9_2,3,12,3,9
P9_3,45,13,4,9
P9_4,25,8,1,9
P9_5,21,5,3,9
P9_6,31,12,4,9
P9_7,21,17,2,9
P9_8,29,10,5,9
P9_9,26,15,3,9
P9_10,9,16,3,9
P9_11,11,19,2,9
P9_12,30,9,5,9
P9_13,9,20,5,9
P9_14,33,16,1,9
P9_15,22,9,4,9
P9_16,7,12,5,9
P9_17,4,2,5,9
P9_18,30,11,3,9
P9_19,29,2,4,9
P9_20,10,5,5,9
P9_21,13,2,2,9
P9_22,7,9,3,9
P9_23,6,6,3,9
P9_24,25,17,5,9
P9_25,19,3,2,9
P9_26,2,5,4,9
P9_27,49,4,4,9
P9_28,44,11,1,9
P9_29,48,11,3,9
P9_30,45,10,2,9
P9_31,12,15,1,9
P9_32,10,4,5,9
P9_33,30,7,5,9
P9_34,3,4,4,9
P9_35,24,16,3,9
P9_36,8,2,1,9
P9_37,19,14,4,9
P9_38,40,3,2,9
P9_39,11,5,3,9
P9_40,43,13,3,9
P9_41,34,1,2,9
P9_42,23,5,4,9
P9_43,40,5,3,9
P9_44,22,4,1,9
P9_45,41,4,1,9
P9_46,27,9,1,9
P9_47,36,11,3,9
P9_48,10,8,3,9
P9_49,50,20,5,9
P9_50,4,16,4,9
P10_1,21,13,4,10
P10_2,40,19,2,10
P10_3,9,16,2,10
P10_4,32,14,5,10
P10_5,10,16,3,10
P10_6,22,6,4,10
P10_7,34,16,2,10
P10_8,38,16,1,10
P10_9,21,12,2,10
P10_10,0,13,3,10
P10_11,10,15,2,10
P10_12,16,18,2,10
P10_13,6,3,4,10
P10_14,35,6,4,10
P10_15,36,14,4,10
P10_16,48,8,3,10
P10_17,20,12,2,10
P10_18,22,8,5,10
P10_19,24,15,2,10
P10_20,23,5,2,10
P10_21,33,14,4,10
P10_22,45,17,2,10
P10_23,17,4,4,10
P10_24,48,16,5,10
P10_25,34,4,2,10
P10_26,37,15,3,10
P10_27,46,18,1,10
P10_28,47,16,3,10
P10_29,27,14,4,10
P10_30,12,13,3,10
P10_31,15,20,3,10
P10_32,16,16,2,10
P10_33,11,19,4,10
P10_34,38,7,4,10
P10_35,40,7,3,10
P10_36,26,10,1,10
P10_37,8,8,5,10
P10_38,9,6,3,10
P10_39,12,8,5,10
P10_40,19,2,4,10
P10_41,47,13,4,10
P10_42,3,2,2,10
P10_43,19,8,3,10
P10_44,17,6,1,10
P10_45,42,12,4,10
P10_46,6,7,2,10
P10_47,14,4,4,10
P10_48,29,5,3,10
P10_49,44,11,2,10
P10_50,12,13,5,10
P11_1,12,3,5,11
P11_2,10,8,3,11
P11_3,27,8,4,11
P11_4,22,12,1,11
P11_5,26,8,4,11
P11_6,14,16,5,11
P11_7,29,20,1,11
P11_8,33,17,1,11
P11_9,7,1,3,11
P11_10,28,8,2,11
P11_11,45,20,5,11
P11_12,20,12,2,11
P11_13,46,20,3,11
P11_14,12,15,4,11
P11_15,37,15,4,11
P11_16,9,8,3,11
P11_17,45,1,4,11
P11_18,8,19,2,11
P11_19,13,17,1,11
P11_20,11,11,4,11
P11_21,15,7,2,11
P11_22,20,20,3,11
P11_23,12,8,3,11
P11_24,27,1,2,11
P11_25,16,8,3,11
P11_26,42,7,3,11
P11_27,40,18,4,11
P11_28,43,16,4,11
P11_29,0,19,2,11
P11_30,7,18,3,11
P11_31,19,3,5,11
P11_32,24,17,3,11
P11_33,0,13,4,11
P11_34,49,16,4,11
P11_35,21,15,5,11
P11_36,17,13,5,11
P11_37,45,11,4,11
P11_38,32,15,3,11
P11_39,5,18,2,11
P11_40,26,6,2,11
P11_41,45,1,3,11
P11_42,37,4,5,11
P11_43,0,16,1,11
P11_44,8,4,3,11
P11_45,13,5,4,11
P11_46,23,14,2,11
P11_47,6,15,2,11
P11_48,44,20,5,11
P11_49,28,15,1,11
P11_50,46,17,1,11
P12_1,39,18,3,12
P12_2,45,2,3,12
P12_3,10,15,2,12
P12_4,17,14,5,12
P12_5,43,13,4,12
P12_6,32,20,4,12
P12_7,26,11,2,12
P12_8,18,6,1,12
P12_9,37,20,3,12
P12_10,48,8,3,12
P12_11,42,19,5,12
P12_12,33,5,2,12
P12_13,31,16,4,12
P12_14,50,7,1,12
P12_15,42,16,2,12
P12_16,33,10,3,12
P12_17,45,17,4,12
P12_18,39,3,3,12
P12_19,16,19,5,12
P12_20,2,16,4,12
P12_21,5,9,3,12
P12_22,47,4,2,12
P12_23,25,1,5,12
P12_24,24,4,1,12
P12_25,50,13,3,12
P12_26,36,9,5,12
P12_27,37,15,2,12
P12_28,6,7,4,12
P12_29,5,17,3,12
P12_30,49,13,5,12
P12_31,20,17,1,12
P12_32,38,3,4,12
P12_33,36,10,4,12
P12_34,2,11,2,12
P12_35,12,15,1,12
P12_36,45,4,3,12
P12_37,1,12,3,12
P12_38,23,16,2,12
P12_39,45,12,4,12
P12_40,11,6,4,12
P12_41,50,4,4,12
P12_42,15,10,1,12
P12_43,23,11,4,12
P12_44,43,9,5,12
P12_45,1,2,3,12
P12_46,23,14,2,12
P12_47,21,2,2,12
P12_48,24,9,3,12
P12_49,40,2,1,12
P12_50,11,5,3,12
P13_1,17,19,3,13
P13_2,23,1,1,13
P13_3,13,3,1,13
P13_4,49,16,2,13
P13_5,23,10,5,13
P13_6,30,9,3,13
P13_7,16,7,3,13
P13_8,36,11,5,13
P13_9,48,14,3,13
P13_10,27,9,1,13
P13_11,2,12,3,13
P13_12,4,17,5,13
P13_13,12,15,3,13
P13_14,23,5,1,13
P13_15,31,12,5,13
P13_16,39,7,1,13
P13_17,2,3,4,13
P13_18,45,2,4,13
P13_19,33,17,1,13
P13_20,50,13,4,13
P13_21,8,9,1,13
P13_22,45,8,2,13
P13_23,22,16,1,13
P13_24,23,20,5,13
P13_25,19,4,1,13
P13_26,42,18,5,13
P13_27,27,7,5,13
P13_28,48,3,3,13
P13_29,28,1,5,13
P13_30,11,12,2,13
P13_31,32,3,2,13
P13_32,0,13,2,13
P13_33,27,15,1,13
P13_34,36,15,3,13
P13_35,34,16,5,13
P13_36,31,9,5,13
P13_37,37,18,4,13
P13_38,3,18,3,13
P13_39,7,2,2,13
P13_40,13,9,2,13
P13_41,6,17,2,13
P13_42,46,11,1,13
P13_43,27,12,1,13
P13_44,35,5,4,13
P13_45,31,10,2,13
P13_46,1,13,1,13
P13_47,47,8,3,13
P13_48,3,16,5,13
P13_49,47,17,1,13
P13_50,34,15,3,13
P14_1,4,3,4,14
P14_2,25,3,4,14
P14_3,48,20,5,14
P14_4,23,9,1,14
P14_5,28,14,1,14
P14_6,8,15,5,14
P14_7,33,20,3,14
P14_8,0,20,1,14
P14_9,46,19,4,14
P14_10,11,18,2,14
P14_11,27,5,4,14
P14_12,33,17,1,14
P14_13,7,6,4,14
P14_14,32,4,1,14
P14_15,15,18,2,14
P14_16,31,6,1,14
P14_17,40,13,3,14
P14_18,9,1,4,14
P14_19,43,13,5,14
P14_20,3,6,4,14
P14_21,7,18,3,14
P14_22,14,8,4,14
P14_23,17,13,2,14
P14_24,1,19,5,14
P14_25,21,14,5,14
P14_26,13,1,5,14
P14_27,8,4,4,14
P14_28,12,11,1,14
P14_29,27,9,1,14
P14_30,28,14,3,14
P14_31,42,10,2,14
P14_32,50,16,2,14
P14_33,46,2,5,14
P14_34,9,13,4,14
P14_35,45,20,4,14
P14_36,29,16,5,14
P14_37,28,6,5,14
P14_38,7,11,2,14
P14_39,12,5,4,14
P14_40,6,3,5,14
P14_41,44,16,2,14
P14_42,20,6,2,14
P14_43,47,14,1,14
P14_44,35,8,4,14
P14_45,17,2,3,14
P14_46,13,14,2,14
P14_47,49,11,1,14
P14_48,35,18,1,14
P14_49,27,15,3,14
P14_50,33,9,4,14
P15_1,45,17,5,15
P15_2,35,10,5,15
P15_3,30,4,3,15
P15_4,16,18,3,15
P15_5,5,15,4,15
P15_6,10,7,2,15
P15_7,27,8,5,15
P15_8,41,6,1,15
P15_9,1,2,3,15
P15_10,44,2,3,15
P15_11,13,7,2,15
P15_12,22,5,1,15
P15_13,44,8,3,15
P15_14,38,9,5,15
P15_15,46,7,2,15
P15_16,48,2,5,15
P15_17,35,20,1,15
P15_18,29,12,1,15
P15_19,29,9,2,15
P15_20,45,8,1,15
P15_21,24,3,2,15
P15_22,6,5,5,15
P15_23,23,4,2,15
P15_24,36,3,2,15
P15_25,21,20,2,15
P15_26,29,4,4,15
P15_27,20,7,3,15
P15_28,6,7,2,15
P15_29,42,10,3,15
P15_30,48,19,4,15
P15_31,3,17,5,15
P15_32,21,8,2,15
P15_33,7,9,1,15
P15_34,13,20,1,15
P15_35,29,19,4,15
P15_36,19,18,1,15
P15_37,37,18,5,15
P15_38,6,11,3,15
P15_39,30,19,2,15
P15_40,35,13,3,15
P15_41,50,17,2,15
P15_42,23,4,1,15
P15_43,26,7,3,15
P15_44,9,5,4,15
P15_45,22,10,5,15
P15_46,2,13,3,15
P15_47,43,19,5,15
P15_48,32,13,2,15
P15_49,18,16,2,15
P15_50,5,7,3,15
P16_1,19,4,4,16
P16_2,25,15,2,16
P16_3,6,12,2,16
P16_4,42,3,3,16
P16_5,29,5,4,16
P16_6,1,11,3,16
P16_7,29,1,3,16
P16_8,20,12,5,16
P16_9,6,11,1,16
P16_10,7,14,4,16
P16_11,15,10,5,16
P16_12,47,11,5,16
P16_13,24,6,5,16
P16_14,17,3,4,16
P16_15,6,17,5,16
P16_16,44,9,5,16
P16_17,20,8,1,16
P16_18,23,2,4,16
P16_19,38,13,4,16
P16_20,38,4,4,16
P16_21,39,4,1,16
P16_22,24,6,4,16
P16_23,25,6,1,16
P16_24,30,17,2,16
P16_25,26,20,1,16
P16_26,15,1,5,16
P16_27,4,3,4,16
P16_28,20,7,5,16
P16_29,15,7,2,16
P16_30,43,18,4,16
P16_31,6,17,1,16
P16_32,29,10,3,16
P16_33,12,13,4,16
P16_34,12,5,4,16
P16_35,13,11,5,16
P16_36,50,11,5,16
P16_37,46,5,4,16
P16_38,14,13,4,16
P16_39,13,12,4,16
P16_40,0,8,2,16
P16_41,32,2,5,16
P16_42,21,3,3,16
P16_43,37,2,2,16
P16_44,18,3,2,16
P16_45,7,3,3,16
P16_46,9,6,2,16
P16_47,38,4,5,16
P16_48,24,12,5,16
P16_49,34,19,5,16
P16_50,44,8,5,16
P17_1,14,19,1,17
P17_2,40,18,3,17
P17_3,30,9,2,17
P17_4,13,8,3,17
P17_5,7,2,3,17
P17_6,8,15,1,17
P17_7,10,16,5,17
P17_8,1,20,4,17
P17_9,0,13,1,17
P17_10,34,16,4,17
P17_11,4,6,1,17
P17_12,10,14,4,17
P17_13,40,15,1,17
P17_14,36,17,5,17
P17_15,15,20,3,17
P17_16,39,2,2,17
P17_17,4,1,2,17
P17_18,6,16,5,17
P17_19,7,10,3,17
P17_20,46,7,2,17
P17_21,21,16,5,17
P17_22,40,16,5,17
P17_23,6,19,5,17
P17_24,43,7,5,17
P17_25,3,4,2,17
P17_26,32,9,3,17
P17_27,0,18,1,17
P17_28,36,19,3,17
P17_29,20,8,5,17
P17_30,34,19,2,17
P17_31,45,7,2,17
P17_32,33,4,1,17
P17_33,24,20,4,17
P17_34,24,7,1,17
P17_35,50,19,1,17
P17_36,48,5,1,17
P17_37,44,16,5,17
P17_38,44,12,3,17
P17_39,1,16,5,17
P17_40,15,1,4,17
P17_41,5,15,4,17
P17_42,33,6,3,17
P17_43,25,3,1,17
P17_44,29,15,2,17
P17_45,2,3,4,17
P17_46,9,13,1,17
P17_47,4,19,3,17
P17_48,14,17,3,17
P17_49,32,19,4,17
P17_50,49,6,3,17
P18_1,20,3,4,18
P18_2,8,15,1,18
P18_3,42,1,2,18
P18_4,36,4,1,18
P18_5,46,2,2,18
P18_6,37,16,2,18
P18_7,47,11,2,18
P18_8,44,16,3,18
P18_9,27,15,3,18
P18_10,3,7,1,18
P18_11,7,5,1,18
P18_12,8,12,3,18
P18_13,14,3,3,18
P18_14,28,1,4,18
P18_15,4,13,2,18
P18_16,24,13,5,18
P18_17,7,1,2,18
P18_18,1,15,3,18
P18_19,46,8,1,18
P18_20,15,12,2,18
P18_21,11,13,1,18
P18_22,6,20,2,18
P18_23,46,13,4,18
P18_24,15,2,2,18
P18_25,36,16,1,18
P18_26,1,6,4,18
P18_27,46,18,1,18
P18_28,50,2,5,18
P18_29,42,17,4,18
P18_30,38,5,3,18
P18_31,23,13,1,18
P18_32,8,13,2,18
P18_33,50,7,4,18
P18_34,0,13,2,18
P18_35,41,3,5,18
P18_36,35,2,3,18
P18_37,32,7,4,18
P18_38,28,10,1,18
P18_39,27,17,4,18
P18_40,4,8,5,18
P18_41,23,19,2,18
P18_42,4,12,5,18
P18_43,43,6,1,18
P18_44,26,11,4,18
P18_45,30,19,1,18
P18_46,32,13,2,18
P18_47,15,8,4,18
P18_48,37,6,5,18
P18_49,22,11,5,18
P18_50,45,5,1,18
P19_1,28,10,1,19
P19_2,34,15,2,19
P19_3,30,9,3,19
P19_4,48,18,4,19
P19_5,34,17,4,19
P19_6,16,14,4,19
P19_7,48,12,1,19
P19_8,38,3,1,19
P19_9,34,7,4,19
P19_10,3,6,4,19
P19_11,31,17,3,19
P19_12,4,15,5,19
P19_13,42,16,4,19
P19_14,46,12,5,19
P19_15,16,1,3,19
P19_16,39,7,5,19
P19_17,2,20,5,19
P19_18,50,17,4,19
P19_19,11,2,2,19
P19_20,15,6,3,19
P19_21,29,13,3,19
P19_22,48,8,2,19
P19_23,26,17,4,19
P19_24,28,17,1,19
P19_25,40,13,2,19
P19_26,50,20,4,19
P19_27,11,15,1,19
P19_28,5,10,3,19
P19_29,27,6,5,19
P19_30,47,9,3,19
P19_31,50,16,4,19
P19_32,13,5,4,19
P19_33,50,16,5,19
P19_34,33,15,2,19
P19_35,1,14,5,19
P19_36,39,3,4,19
P19_37,27,12,2,19
P19_38,2,15,2,19
P19_39,12,20,5,19
P19_40,46,4,3,19
P19_41,22,7,2,19
P19_42,31,10,5,19
P19_43,18,10,5,19
P19_44,23,14,3,19
P19_45,27,10,1,19
P19_46,50,12,3,19
P19_47,23,15,1,19
P19_48,46,16,1,19
P19_49,32,2,1,19
P19_50,18,2,1,19
P20_1,50,16,4,20
P20_2,35,15,5,20
P20_3,3,7,2,20
P20_4,38,2,2,20
P20_5,31,20,5,20
P20_6,10,8,1,20
P20_7,23,6,4,20
P20_8,34,5,3,20
P20_9,24,1,4,20
P20_10,11,2,1,20
P20_11,36,14,5,20
P20_12,24,14,1,20
P20_13,42,2,1,20
P20_14,3,17,2,20
P20_15,20,1,5,20
P20_16,42,1,3,20
P20_17,20,2,3,20
P20_18,31,19,2,20
P20_19,10,17,4,20
P20_20,35,9,2,20
P20_21,47,10,2,20
P20_22,49,5,2,20
P20_23,11,11,3,20
P20_24,36,2,2,20
P20_25,42,1,1,20
P20_26,4,6,1,20
P20_27,0,18,2,20
P20_28,41,2,3,20
P20_29,20,7,5,20
P20_30,35,20,2,20
P20_31,2,20,4,20
P20_32,38,2,3,20
P20_33,44,11,4,20
P20_34,2,1,5,20
P20_35,1,7,5,20
P20_36,26,20,1,20
P20_37,44,9,4,20
P20_38,5,17,1,20
P20_39,6,16,2,20
P20_40,22,19,2,20
P20_41,5,16,1,20
P20_42,18,15,4,20
P20_43,32,13,2,20
P20_44,36,10,3,20
P20_45,16,3,5,20
P20_46,11,19,4,20
P20_47,36,14,2,20
P20_48,34,4,2,20
P20_49,50,20,4,20
P20_50,39,18,4,20
P21_1,27,7,3,21
P21_2,40,11,5,21
P21_3,40,13,2,21
P21_4,18,13,3,21
P21_5,10,16,5,21
P21_6,7,2,3,21
P21_7,11,19,4,21
P21_8,14,7,3,21
P21_9,16,5,3,21
P21_10,18,5,2,21
P21_11,23,10,1,21
P21_12,45,17,5,21
P21_13,0,17,4,21
P21_14,43,4,1,21
P21_15,37,19,4,21
P21_16,31,6,3,21
P21_17,40,4,4,21
P21_18,20,3,1,21
P21_19,39,9,3,21
P21_20,17,15,4,21
P21_21,16,15,5,21
P21_22,41,10,5,21
P21_23,43,7,3,21
P21_24,44,8,1,21
P21_25,6,18,2,21
P21_26,24,4,5,21
P21_27,15,18,3,21
P21_28,1,7,1,21
P21_29,20,11,4,21
P21_30,3,14,2,21
P21_31,37,11,3,21
P21_32,20,14,4,21
P21_33,4,13,1,21
P21_34,33,6,5,21
P21_35,37,15,5,21
P21_36,35,3,1,21
P21_37,38,13,1,21
P21_38,11,18,1,21
P21_39,9,11,1,21
P21_40,37,16,3,21
P21_41,46,20,1,21
P21_42,14,5,5,21
P21_43,9,18,3,21
P21_44,8,11,3,21
P21_45,22,4,3,21
P21_46,40,3,3,21
P21_47,16,5,2,21
P21_48,31,17,5,21
P21_49,25,14,3,21
P21_50,13,20,1,21
P22_1,4,19,4,22
P22_2,19,20,2,22
P22_3,16,19,2,22
P22_4,41,15,5,22
P22_5,13,18,5,22
P22_6,47,6,3,22
P22_7,49,5,4,22
P22_8,0,10,5,22
P22_9,18,2,1,22
P22_10,31,13,5,22
P22_11,47,4,3,22
P22_12,46,20,5,22
P22_13,4,8,5,22
P22_14,34,5,1,22
P22_15,45,13,2,22
P22_16,3,2,3,22
P22_17,30,18,1,22
P22_18,9,20,2,22
P22_19,0,2,5,22
P22_20,39,19,5,22
P22_21,39,7,2,22
P22_22,20,13,4,22
P22_23,31,10,4,22
P22_24,30,10,5,22
P22_25,33,18,2,22
P22_26,25,14,1,22
P22_27,24,14,2,22
P22_28,20,2,2,22
P22_29,6,17,2,22
P22_30,34,1,2,22
P22_31,38,19,5,22
P22_32,4,6,2,22
P22_33,30,10,2,22
P22_34,2,6,5,22
P22_35,3,20,3,22
P22_36,36,18,1,22
P22_37,32,16,3,22
P22_38,4,2,5,22
P22_39,23,7,2,22
P22_40,33,12,5,22
P22_41,22,4,4,22
P22_42,42,16,4,22
P22_43,46,1,3,22
P22_44,27,2,4,22
P22_45,14,9,4,22
P22_46,31,6,2,22
P22_47,35,20,3,22
P22_48,5,1,2,22
P22_49,27,16,1,22
P22_50,9,17,5,22
P23_1,48,11,5,23
P23_2,8,13,5,23
P23_3,2,1,5,23
P23_4,27,3,3,23
P23_5,16,4,5,23
P23_6,45,15,2,23
P23_7,27,15,3,23
P23_8,17,11,3,23
P23_9,0,7,1,23
P23_10,14,1,1,23
P23_11,3,17,5,23
P23_12,20,18,4,23
P23_13,5,2,2,23
P23_14,42,17,4,23
P23_15,27,4,5,23
P23_16,31,3,4,23
P23_17,44,20,5,23
P23_18,9,7,2,23
P23_19,9,14,3,23
P23_20,4,9,2,23
P23_21,50,6,4,23
P23_22,16,19,4,23
P23_23,17,20,2,23
P23_24,1,14,2,23
P23_25,49,8,2,23
P23_26,2,16,4,23
P23_27,22,10,3,23
P23_28,17,3,1,23
P23_29,45,5,1,23
P23_30,40,13,2,23
P23_31,18,10,3,23
P23_32,47,3,2,23
P23_33,2,18,3,23
P23_34,42,11,3,23
P23_35,42,1,5,23
P23_36,38,4,4,23
P23_37,36,10,1,23
P23_38,16,5,2,23
P23_39,43,8,4,23
P23_40,9,6,2,23
P23_41,20,6,5,23
P23_42,38,1,3,23
P23_43,40,4,2,23
P23_44,0,18,5,23
P23_45,38,1,5,23
P23_46,13,15,2,23
P23_47,40,3,2,23
P23_48,14,20,5,23
P23_49,20,18,5,23
P23_50,27,17,1,23
P24_1,28,19,4,24
P24_2,33,14,1,24
P24_3,27,14,2,24
P24_4,24,4,5,24
P24_5,43,4,4,24
P24_6,0,2,2,24
P24_7,24,8,5,24
P24_8,29,1,1,24
P24_9,15,4,4,24
P24_10,46,20,4,24
P24_11,12,14,3,24
P24_12,35,7,4,24
P24_13,39,8,1,24
P24_14,36,9,1,24
P24_15,17,1,3,24
P24_16,4,4,5,24
P24_17,20,16,3,24
P24_18,43,15,3,24
P24_19,8,19,1,24
P24_20,16,16,5,24
P24_21,5,17,3,24
P24_22,13,9,5,24
P24_23,27,2,3,24
P24_24,3,12,1,24
P24_25,7,16,2,24
P24_26,1,18,4,24
P24_27,29,15,5,24
P24_28,5,17,5,24
P24_29,42,11,5,24
P24_30,36,16,3,24
P24_31,36,1,5,24
P24_32,50,15,4,24
P24_33,26,15,4,24
P24_34,16,20,5,24
P24_35,34,9,2,24
P24_36,28,15,3,24
P24_37,23,4,4,24
P24_38,23,7,4,24
P24_39,35,5,5,24
P24_40,28,7,4,24
P24_41,49,4,2,24
P24_42,16,4,5,24
P24_43,8,16,2,24
P24_44,20,16,4,24
P24_45,9,17,3,24
P24_46,33,1,1,24
P24_47,42,18,4,24
P24_48,47,1,2,24
P24_49,41,17,1,24
P24_50,15,4,1,24
P25_1,2,17,5,25
P25_2,28,19,4,25
P25_3,22,13,1,25
P25_4,12,15,2,25
P25_5,33,19,1,25
P25_6,6,10,5,25
P25_7,21,14,5,25
P25_8,1,19,1,25
P25_9,13,10,5,25
P25_10,19,15,3,25
P25_11,50,17,5,25
P25_12,9,3,1,25
P25_13,35,4,2,25
P25_14,49,1,5,25
P25_15,36,17,2,25
P25_16,20,18,2,25
P25_17,32,14,5,25
P25_18,34,15,4,25
P25_19,27,14,3,25
P25_20,25,19,2,25
P25_21,6,10,5,25
P25_22,14,7,1,25
P25_23,22,1,2,25
P25_24,13,1,1,25
P25_25,19,16,3,25
P25_26,36,3,2,25
P25_27,10,8,4,25
P25_28,13,18,1,25
P25_29,27,16,1,25
P25_30,34,18,4,25
P25_31,19,3,2,25
P25_32,32,12,3,25
P25_33,44,5,4,25
P25_34,10,3,3,25
P25_35,33,10,1,25
P25_36,24,7,5,25
P25_37,14,19,4,25
P25_38,31,7,4,25
P25_39,12,8,5,25
P25_40,30,9,5,25
P25_41,25,4,2,25
P25_42,45,16,5,25
P25_43,7,5,1,25
P25_44,14,2,2,25
P25_45,23,11,5,25
P25_46,12,18,1,25
P25_47,27,14,1,25
P25_48,40,6,1,25
P25_49,29,2,1,25
P25_50,46,11,2,25
P26_1,0,15,5,26
P26_2,43,15,2,26
P26_3,17,1,5,26
P26_4,14,7,4,26
P26_5,44,4,5,26
P26_6,4,13,1,26
P26_7,39,4,3,26
P26_8,49,5,1,26
P26_9,41,2,1,26
P26_10,44,11,1,26
P26_11,14,2,2,26
P26_12,21,10,4,26
P26_13,43,13,1,26
P26_14,10,8,4,26
P26_15,11,11,2,26
P26_16,0,16,1,26
P26_17,46,6,1,26
P26_18,20,16,1,26
P26_19,45,10,2,26
P26_20,24,12,5,26
P26_21,18,14,5,26
P26_22,28,14,5,26
P26_23,40,17,1,26
P26_24,50,8,1,26
P26_25,7,16,3,26
P26_26,11,5,5,26
P26_27,29,6,3,26
P26_28,33,11,4,26
P26_29,35,5,5,26
P26_30,47,14,2,26
P26_31,21,5,3,26
P26_32,26,8,1,26
P26_33,17,10,4,26
P26_34,32,19,1,26
P26_35,48,10,1,26
P26_36,49,16,3,26
P26_37,42,9,1,26
P26_38,43,13,1,26
P26_39,27,13,1,26
P26_40,44,20,3,26
P26_41,43,14,4,26
P26_42,30,13,1,26
P26_43,27,11,3,26
P26_44,8,7,2,26
P26_45,31,18,5,26
P26_46,8,17,3,26
P26_47,6,12,3,26
P26_48,38,19,3,26
P26_49,11,17,2,26
P26_50,48,13,5,26
P27_1,4,18,2,27
P27_2,50,5,3,27
P27_3,8,17,1,27
P27_4,2,1,5,27
P27_5,15,14,5,27
P27_6,39,18,2,27
P27_7,42,3,4,27
P27_8,36,3,3,27
P27_9,24,2,3,27
P27_10,32,10,2,27
P27_11,31,13,2,27
P27_12,6,5,3,27
P27_13,11,7,1,27
P27_14,43,4,5,27
P27_15,40,13,2,27
P27_16,24,19,5,27
P27_17,36,17,2,27
P27_18,23,14,5,27
P27_19,25,20,5,27
P27_20,24,4,5,27
P27_21,47,7,1,27
P27_22,0,13,3,27
P27_23,9,14,2,27
P27_24,3,14,5,27
P27_25,39,12,2,27
P27_26,50,5,3,27
P27_27,27,16,3,27
P27_28,50,7,5,27
P27_29,19,5,3,27
P27_30,21,5,4,27
P27_31,46,18,5,27
P27_32,49,14,4,27
P27_33,39,1,2,27
P27_34,47,5,1,27
P27_35,30,10,3,27
P27_36,38,9,4,27
P27_37,47,1,4,27
P27_38,48,13,1,27
P27_39,31,3,5,27
P27_40,14,5,5,27
P27_41,6,14,4,27
P27_42,1,3,1,27
P27_43,14,15,5,27
P27_44,13,7,5,27
P27_45,34,15,3,27
P27_46,35,7,5,27
P27_47,47,3,5,27
P27_48,14,3,2,27
P27_49,34,17,3,27
P27_50,24,4,3,27
P28_1,42,1,4,28
P28_2,9,3,2,28
P28_3,5,17,5,28
P28_4,5,5,3,28
P28_5,47,12,4,28
P28_6,13,18,4,28
P28_7,7,16,1,28
P28_8,3,18,2,28
P28_9,40,13,1,28
P28_10,0,12,2,28
P28_11,9,9,5,28
P28_12,23,3,4,28
P28_13,46,17,4,28
P28_14,34,19,4,28
P28_15,6,13,1,28
P28_16,50,7,4,28
P28_17,29,3,1,28
P28_18,46,7,1,28
P28_19,20,10,1,28
P28_20,19,16,1,28
P28_21,4,11,3,28
P28_22,37,7,3,28
P28_23,16,11,3,28
P28_24,30,6,4,28
P28_25,43,2,4,28
P28_26,35,14,1,28
P28_27,30,5,3,28
P28_28,48,18,4,28
P28_29,12,18,5,28
P28_30,38,17,3,28
P28_31,46,5,3,28
P28_32,41,8,3,28
P28_33,3,16,5,28
P28_34,32,4,2,28
P28_35,32,19,5,28
P28_36,19,17,4,28
P28_37,42,19,5,28
P28_38,40,3,2,28
P28_39,7,18,1,28
P28_40,49,4,4,28
P28_41,47,7,2,28
P28_42,36,5,3,28
P28_43,0,16,1,28
P28_44,2,3,1,28
P28_45,24,18,3,28
P28_46,50,19,2,28
P28_47,38,1,2,28
P28_48,32,10,4,28
P28_49,21,6,1,28
P28_50,36,7,2,28
P29_1,49,18,3,29
P29_2,28,14,1,29
P29_3,24,18,5,29
P29_4,30,10,1,29
P29_5,18,6,3,29
P29_6,14,2,2,29
P29_7,22,15,3,29
P29_8,19,16,1,29
P29_9,49,4,2,29
P29_10,3,12,2,29
P29_11,48,1,5,29
P29_12,32,11,4,29
P29_13,4,15,3,29
P29_14,3,6,4,29
P29_15,12,9,3,29
P29_16,30,8,2,29
P29_17,44,19,5,29
P29_18,40,15,4,29
P29_19,35,16,4,29
P29_20,38,14,3,29
P29_21,0,2,1,29
P29_22,16,19,3,29
P29_23,5,15,2,29
P29_24,5,20,3,29
P29_25,32,20,1,29
P29_26,46,20,1,29
P29_27,4,17,5,29
P29_28,15,18,4,29
P29_29,44,9,5,29
P29_30,8,5,2,29
P29_31,20,15,1,29
P29_32,35,15,1,29
P29_33,4,9,5,29
P29_34,43,11,2,29
P29_35,19,7,3,29
P29_36,16,16,1,29
P29_37,7,16,5,29
P29_38,35,20,2,29
P29_39,8,13,5,29
P29_40,15,15,1,29
P29_41,34,1,3,29
P29_42,8,4,5,29
P29_43,27,11,2,29
P29_44,5,16,1,29
P29_45,38,9,5,29
P29_46,17,8,4,29
P29_47,24,16,2,29
P29_48,15,12,1,29
P29_49,32,2,1,29
P29_50,35,4,5,29
P30_1,25,17,4,30
P30_2,16,19,5,30
P30_3,8,4,2,30
P30_4,15,3,4,30
P30_5,10,9,5,30
P30_6,22,15,3,30
P30_7,11,6,3,30
P30_8,39,2,2,30
P30_9,1,5,3,30
P30_10,15,15,5,30
P30_11,46,8,4,30
P30_12,16,2,5,30
P30_13,21,13,2,30
P30_14,7,9,1,30
P30_15,18,15,1,30
P30_16,33,14,3,30
P30_17,28,17,2,30
P30_18,11,11,3,30
P30_19,14,13,1,30
P30_20,23,14,4,30
P30_21,28,3,5,30
P30_22,23,1,1,30
P30_23,42,3,1,30
P30_24,3,2,3,30
P30_25,39,12,3,30
P30_26,28,15,1,30
P30_27,24,10,5,30
P30_28,15,10,1,30
P30_29,45,8,1,30
P30_30,27,11,3,30
P30_31,8,4,3,30
P30_32,48,11,4,30
P30_33,33,18,4,30
P30_34,19,10,1,30
P30_35,22,14,2,30
P30_36,24,4,1,30
P30_37,25,8,4,30
P30_38,23,10,2,30
P30_39,34,3,4,30
P30_40,44,4,2,30
P30_41,38,9,5,30
P30_42,29,4,3,30
P30_43,27,15,3,30
P30_44,0,14,2,30
P30_45,37,14,2,30
P30_46,38,11,4,30
P30_47,33,3,3,30
P30_48,19,10,1,30
P30_49,13,2,2,30
P30_50,45,6,1,30
P31_1,30,20,4,31
P31_2,0,19,2,31
P31_3,3,8,4,31
P31_4,32,9,4,31
P31_5,48,9,1,31
P31_6,23,8,4,31
P31_7,48,6,5,31
P31_8,8,11,5,31
P31_9,10,3,1,31
P31_10,42,4,1,31
P31_11,15,8,4,31
P31_12,44,17,3,31
P31_13,40,16,3,31
P31_14,28,17,3,31
P31_15,16,18,2,31
P31_16,12,5,1,31
P31_17,23,5,1,31
P31_18,50,1,2,31
P31_19,37,1,1,31
P31_20,15,16,3,31
P31_21,17,18,2,31
P31_22,49,20,4,31
P31_23,22,20,4,31
P31_24,7,16,1,31
P31_25,2,3,5,31
P31_26,6,11,5,31
P31_27,35,15,5,31
P31_28,3,15,1,31
P31_29,8,3,5,31
P31_30,40,15,2,31
P31_31,13,18,1,31
P31_32,47,13,2,31
P31_33,27,2,3,31
P31_34,10,13,1,31
P31_35,49,14,4,31
P31_36,16,9,4,31
P31_37,46,4,5,31
P31_38,40,17,3,31
P31_39,32,15,1,31
P31_40,39,19,2,31
P31_41,40,15,2,31
P31_42,43,2,5,31
P31_43,28,17,5,31
P31_44,18,7,2,31
P31_45,28,14,5,31
P31_46,13,20,4,31
P31_47,41,11,1,31
P31_48,34,2,4,31
P31_49,27,15,1,31
P31_50,42,2,3,31
P32_1,42,12,1,32
P32_2,28,17,4,32
P32_3,28,11,2,32
P32_4,49,1,2,32
P32_5,40,1,4,32
P32_6,23,4,3,32
P32_7,5,3,5,32
P32_8,48,16,2,32
P32_9,24,17,5,32
P32_10,40,4,4,32
P32_11,41,20,4,32
P32_12,13,15,4,32
P32_13,41,6,1,32
P32_14,49,4,1,32
P32_15,2,2,3,32
P32_16,32,9,4,32
P32_17,46,15,5,32
P32_18,29,6,1,32
P32_19,38,18,5,32
P32_20,44,17,2,32
P32_21,39,1,3,32
P32_22,36,19,1,32
P32_23,26,9,2,32
P32_24,50,16,5,32
P32_25,0,14,5,32
P32_26,48,7,4,32
P32_27,9,4,4,32
P32_28,16,11,1,32
P32_29,20,7,3,32
P32_30,6,2,1,32
P32_31,19,4,4,32
P32_32,45,2,4,32
P32_33,5,9,1,32
P32_34,44,7,5,32
P32_35,20,4,3,32
P32_36,9,14,4,32
P32_37,47,20,1,32
P32_38,13,17,3,32
P32_39,3,1,2,32
P32_40,46,20,4,32
P32_41,40,5,5,32
P32_42,29,7,4,32
P32_43,8,13,3,32
P32_44,31,6,2,32
P32_45,40,8,3,32
P32_46,31,2,1,32
P32_47,43,3,2,32
P32_48,27,5,4,32
P32_49,11,3,3,32
P32_50,18,1,2,32
P33_1,10,12,2,33
P33_2,31,3,2,33
P33_3,16,14,3,33
P33_4,17,6,1,33
P33_5,44,12,4,33
P33_6,30,5,4,33
P33_7,8,15,3,33
P33_8,8,11,4,33
P33_9,10,17,3,33
P33_10,16,3,2,33
P33_11,23,8,4,33
P33_12,37,15,5,33
P33_13,12,17,1,33
P33_14,27,9,2,33
P33_15,31,3,5,33
P33_16,8,12,2,33
P33_17,16,15,2,33
P33_18,27,14,5,33
P33_19,0,1,1,33
P33_20,42,9,2,33
P33_21,39,18,4,33
P33_22,1,16,2,33
P33_23,33,9,2,33
P33_24,17,9,3,33
P33_25,11,7,5,33
P33_26,46,7,2,33
P33_27,16,7,4,33
P33_28,33,12,3,33
P33_29,8,13,2,33
P33_30,11,20,5,33
P33_31,13,3,2,33
P33_32,11,17,3,33
P33_33,50,9,2,33
P33_34,37,5,1,33
P33_35,21,11,3,33
P33_36,37,12,2,33
P33_37,2,9,4,33
P33_38,33,20,1,33
P33_39,23,14,3,33
P33_40,7,13,4,33
P33_41,20,9,2,33
P33_42,38,4,2,33
P33_43,0,17,1,33
P33_44,45,20,3,33
P33_45,25,20,2,33
P33_46,41,18,3,33
P33_47,42,15,4,33
P33_48,36,11,4,33
P33_49,34,13,1,33
P33_50,28,9,5,33
P34_1,32,1,3,34
P34_2,18,5,5,34
P34_3,3,16,2,34
P34_4,31,11,3,34
P34_5,45,18,5,34
P34_6,8,19,5,34
P34_7,28,12,1,34
P34_8,48,12,2,34
P34_9,15,18,4,34
P34_10,25,13,4,34
P34_11,18,11,5,34
P34_12,17,8,1,34
P34_13,0,13,3,34
P34_14,27,5,2,34
P34_15,28,9,2,34
P34_16,29,1,2,34
P34_17,1,8,5,34
P34_18,42,3,5,34
P34_19,3,12,4,34
P34_20,40,2,2,34
P34_21,48,14,1,34
P34_22,48,1,1,34
P34_23,2,16,1,34
P34_24,8,14,2,34
P34_25,43,2,4,34
P34_26,46,16,1,34
P34_27,4,7,4,34
P34_28,44,19,5,34
P34_29,48,4,5,34
P34_30,23,20,1,34
P34_31,14,16,5,34
P34_32,10,3,5,34
P34_33,22,5,4,34
P34_34,7,9,5,34
P34_35,12,9,3,34
P34_36,24,12,1,34
P34_37,41,2,1,34
P34_38,1,6,1,34
P34_39,37,8,3,34
P34_40,38,18,3,34
P34_41,24,4,5,34
P34_42,0,16,4,34
P34_43,26,19,1,34
P34_44,33,19,1,34
P34_45,45,2,4,34
P34_46,15,8,3,34
P34_47,32,16,1,34
P34_48,27,13,3,34
P34_49,17,1,3,34
P34_50,5,13,2,34
P35_1,42,13,5,35
P35_2,47,10,5,35
P35_3,28,13,5,35
P35_4,34,16,3,35
P35_5,22,8,3,35
P35_6,31,16,2,35
P35_7,2,5,4,35
P35_8,17,16,4,35
P35_9,30,5,4,35
P35_10,42,7,2,35
P35_11,43,4,2,35
P35_12,46,6,3,35
P35_13,16,15,1,35
P35_14,17,9,1,35
P35_15,12,15,4,35
P35_16,45,11,3,35
P35_17,9,3,4,35
P35_18,37,17,4,35
P35_19,7,19,5,35
P35_20,2,17,5,35
P35_21,39,2,2,35
P35_22,18,3,1,35
P35_23,11,1,2,35
P35_24,13,10,1,35
P35_25,44,5,3,35
P35_26,20,10,5,35
P35_27,3,9,3,35
P35_28,38,15,2,35
P35_29,1,5,4,35
P35_30,48,19,2,35
P35_31,43,20,4,35
P35_32,50,12,1,35
P35_33,4,10,5,35
P35_34,46,3,5,35
P35_35,20,20,2,35
P35_36,40,8,3,35
P35_37,8,16,1,35
P35_38,39,1,5,35
P35_39,35,6,4,35
P35_40,20,18,1,35
P35_41,50,9,4,35
P35_42,48,10,4,35
P35_43,21,7,3,35
P35_44,33,14,5,35
P35_45,17,2,2,35
P35_46,21,18,3,35
P35_47,34,16,5,35
P35_48,50,7,5,35
P35_49,45,18,5,35
P35_50,11,7,5,35
P36_1,31,13,2,36
P36_2,48,7,1,36
P36_3,45,11,5,36
P36_4,22,15,3,36
P36_5,4,10,5,36
P36_6,33,17,4,36
P36_7,50,20,2,36
P36_8,43,18,4,36
P36_9,43,20,4,36
P36_10,10,7,2,36
P36_11,46,8,2,36
P36_12,15,2,2,36
P36_13,32,11,1,36
P36_14,32,11,1,36
P36_15,41,5,2,36
P36_16,15,3,2,36
P36_17,36,17,4,36
P36_18,7,7,4,36
P36_19,9,3,5,36
P36_20,21,10,4,36
P36_21,9,3,2,36
P36_22,23,14,3,36
P36_23,38,5,5,36
P36_24,5,20,5,36
P36_25,42,15,4,36
P36_26,23,10,2,36
P36_27,27,6,3,36
P36_28,50,14,4,36
P36_29,27,1,5,36
P36_30,9,6,5,36
P36_31,33,3,1,36
P36_32,43,11,1,36
P36_33,28,13,3,36
P36_34,5,6,1,36
P36_35,2,17,3,36
P36_36,22,20,2,36
P36_37,26,17,5,36
P36_38,13,1,1,36
P36_39,9,5,3,36
P36_40,20,16,5,36
P36_41,41,12,5,36
P36_42,0,6,2,36
P36_43,35,19,4,36
P36_44,32,16,3,36
P36_45,45,11,1,36
P36_46,5,5,4,36
P36_47,13,11,1,36
P36_48,28,10,2,36
P36_49,14,16,2,36
P36_50,39,10,4,36
P37_1,27,17,1,37
P37_2,50,9,3,37
P37_3,14,10,3,37
P37_4,1,12,1,37
P37_5,2,1,5,37
P37_6,8,10,5,37
P37_7,32,3,2,37
P37_8,18,5,4,37
P37_9,47,15,2,37
P37_10,15,2,5,37
P37_11,45,20,3,37
P37_12,47,10,2,37
P37_13,30,5,3,37
P37_14,38,17,5,37
P37_15,13,1,3,37
P37_16,37,8,2,37
P37_17,33,9,4,37
P37_18,3,8,2,37
P37_19,11,3,1,37
P37_20,2,2,1,37
P37_21,5,3,5,37
P37_22,39,4,2,37
P37_23,36,7,3,37
P37_24,36,11,2,37
P37_25,47,15,4,37
P37_26,38,1,5,37
P37_27,32,9,3,37
P37_28,11,15,2,37
P37_29,22,19,3,37
P37_30,11,1,2,37
P37_31,32,2,4,37
P37_32,49,17,5,37
P37_33,28,8,5,37
P37_34,44,12,5,37
P37_35,20,3,4,37
P37_36,50,15,5,37
P37_37,37,12,4,37
P37_38,47,9,5,37
P37_39,11,9,5,37
P37_40,41,2,1,37
P37_41,16,15,3,37
P37_42,7,20,2,37
P37_43,23,9,1,37
P37_44,40,4,1,37
P37_45,48,15,5,37
P37_46,50,5,3,37
P37_47,4,8,5,37
P37_48,41,12,4,37
P37_49,7,17,3,37
P37_50,32,16,2,37
P38_1,13,8,2,38
P38_2,32,5,4,38
P38_3,25,20,1,38
P38_4,20,15,3,38
P38_5,27,2,5,38
P38_6,29,9,2,38
P38_7,39,10,5,38
P38_8,9,9,3,38
P38_9,40,11,5,38
P38_10,18,8,1,38
P38_11,2,5,2,38
P38_12,2,10,4,38
P38_13,33,7,3,38
P38_14,38,16,3,38
P38_15,5,6,4,38
P38_16,25,14,2,38
P38_17,47,10,5,38
P38_18,19,12,5,38
P38_19,31,8,5,38
P38_20,28,15,3,38
P38_21,17,6,3,38
P38_22,47,17,3,38
P38_23,41,7,4,38
P38_24,1,8,1,38
P38_25,37,9,3,38
P38_26,42,8,5,38
P38_27,2,14,2,38
P38_28,9,3,1,38
P38_29,8,17,2,38
P38_30,25,14,3,38
P38_31,3,10,5,38
P38_32,25,9,3,38
P38_33,37,16,1,38
P38_34,46,19,2,38
P38_35,33,10,4,38
P38_36,48,10,4,38
P38_37,1,11,5,38
P38_38,29,7,2,38
P38_39,12,9,1,38
P38_40,15,17,1,38
P38_41,25,7,4,38
P38_42,15,7,5,38
P38_43,6,18,1,38
P38_44,37,15,5,38
P38_45,5,1,3,38
P38_46,31,1,4,38
P38_47,47,14,4,38
P38_48,8,7,2,38
P38_49,10,18,2,38
P38_50,30,11,2,38
P39_1,12,2,5,39
P39_2,50,19,2,39
P39_3,31,6,5,39
P39_4,5,9,1,39
P39_5,48,7,5,39
P39_6,47,10,2,39
P39_7,7,12,3,39
P39_8,21,8,3,39
P39_9,33,1,3,39
P39_10,12,15,4,39
P39_11,11,2,4,39
P39_12,33,12,2,39
P39_13,4,11,5,39
P39_14,26,6,3,39
P39_15,22,7,3,39
P39_16,36,10,5,39
P39_17,29,6,3,39
P39_18,14,13,3,39
P39_19,18,9,5,39
P39_20,37,18,5,39
P39_21,36,14,1,39
P39_22,17,8,3,39
P39_23,43,6,2,39
P39_24,49,11,1,39
P39_25,7,10,1,39
P39_26,29,5,2,39
P39_27,33,6,5,39
P39_28,49,1,3,39
P39_29,23,4,3,39
P39_30,20,8,4,39
P39_31,15,2,4,39
P39_32,33,18,2,39
P39_33,43,8,1,39
P39_34,34,20,1,39
P39_35,40,11,3,39
P39_36,19,10,4,39
P39_37,0,20,5,39
P39_38,43,3,3,39
P39_39,24,12,3,39
P39_40,12,4,4,39
P39_41,44,8,3,39
P39_42,39,4,5,39
P39_43,16,15,3,39
P39_44,2,1,4,39
P39_45,38,18,2,39
P39_46,19,1,2,39
P39_47,27,17,2,39
P39_48,1,18,1,39
P39_49,34,14,5,39
P39_50,38,1,3,39
P40_1,35,15,5,40
P40_2,11,11,5,40
P40_3,49,9,4,40
P40_4,11,8,2,40
P40_5,21,8,4,40
P40_6,27,14,3,40
P40_7,10,10,4,40
P40_8,23,15,1,40
P40_9,9,15,1,40
P40_10,3,9,1,40
P40_11,25,12,3,40
P40_12,3,11,5,40
P40_13,48,4,5,40
P40_14,10,12,1,40
P40_15,15,5,1,40
P40_16,38,2,2,40
P40_17,13,16,3,40
P40_18,18,18,3,40
P40_19,11,20,4,40
P40_20,36,6,1,40
P40_21,19,10,3,40
P40_22,47,11,2,40
P40_23,33,13,3,40
P40_24,36,19,5,40
P40_25,41,7,5,40
P40_26,19,17,3,40
P40_27,33,6,2,40
P40_28,47,7,1,40
P40_29,15,17,3,40
P40_30,32,5,4,40
P40_31,47,3,4,40
P40_32,37,11,4,40
P40_33,25,11,2,40
P40_34,39,5,3,40
P40_35,47,3,1,40
P40_36,38,6,4,40
P40_37,27,5,5,40
P40_38,9,15,3,40
P40_39,18,2,1,40
P40_40,30,14,1,40
P40_41,13,18,4,40
P40_42,19,6,2,40
P40_43,30,18,3,40
P40_44,13,13,5,40
P40_45,48,16,2,40
P40_46,25,4,3,40
P40_47,50,6,2,40
P40_48,23,12,4,40
P40_49,17,15,5,40
P40_50,8,8,2,40
P41_1,49,7,1,41
P41_2,18,15,3,41
P41_3,7,8,1,41
P41_4,30,6,5,41
P41_5,4,17,1,41
P41_6,35,4,3,41
P41_7,39,14,1,41
P41_8,6,9,5,41
P41_9,29,19,1,41
P41_10,32,13,2,41
P41_11,48,4,5,41
P41_12,43,14,2,41
P41_13,18,20,2,41
P41_14,6,12,1,41
P41_15,0,8,3,41
P41_16,13,19,3,41
P41_17,2,7,2,41
P41_18,16,5,3,41
P41_19,4,1,4,41
P41_20,19,9,3,41
P41_21,4,19,3,41
P41_22,27,12,5,41
P41_23,2,10,3,41
P41_24,15,10,2,41
P41_25,10,3,3,41
P41_26,20,2,1,41
P41_27,24,13,2,41
P41_28,38,4,1,41
P41_29,31,10,5,41
P41_30,32,6,4,41
P41_31,26,17,3,41
P41_32,29,14,1,41
P41_33,44,13,3,41
P41_34,0,16,2,41
P41_35,34,3,2,41
P41_36,11,17,2,41
P41_37,27,7,4,41
P41_38,8,3,5,41
P41_39,50,14,5,41
P41_40,38,12,3,41
P41_41,6,8,3,41
P41_42,41,9,5,41
P41_43,28,11,2,41
P41_44,25,14,4,41
P41_45,16,17,5,41
P41_46,23,10,5,41
P41_47,19,6,1,41
P41_48,31,6,5,41
P41_49,3,13,2,41
P41_50,15,14,2,41
P42_1,16,18,5,42
P42_2,14,16,2,42
P42_3,15,7,2,42
P42_4,48,14,2,42
P42_5,50,19,5,42
P42_6,38,19,2,42
P42_7,40,14,2,42
P42_8,23,19,5,42
P42_9,49,2,4,42
P42_10,7,3,5,42
P42_11,33,16,5,42
P42_12,36,1,3,42
P42_13,19,9,3,42
P42_14,34,7,1,42
P42_15,26,1,4,42
P42_16,50,7,4,42
P42_17,14,16,3,42
P42_18,34,9,4,42
P42_19,44,20,2,42
P42_20,31,17,5,42
P42_21,36,7,1,42
P42_22,41,15,4,42
P42_23,24,8,3,42
P42_24,50,8,1,42
P42_25,41,9,2,42
P42_26,19,12,3,42
P42_27,45,18,2,42
P42_28,9,4,2,42
P42_29,25,12,2,42
P42_30,41,2,5,42
P42_31,25,18,5,42
P42_32,24,10,4,42
P42_33,28,5,1,42
P42_34,45,17,5,42
P42_35,15,3,5,42
P42_36,17,17,2,42
P42_37,10,15,4,42
P42_38,13,16,3,42
P42_39,0,1,2,42
P42_40,49,4,3,42
P42_41,22,2,2,42
P42_42,6,1,3,42
P42_43,36,18,3,42
P42_44,28,19,5,42
P42_45,13,8,4,42
P42_46,14,10,3,42
P42_47,25,9,1,42
P42_48,2,2,1,42
P42_49,23,7,2,42
P42_50,16,16,4,42
P43_1,20,10,4,43
P43_2,6,15,4,43
P43_3,42,20,2,43
P43_4,29,14,3,43
P43_5,30,20,2,43
P43_6,33,14,2,43
P43_7,26,11,3,43
P43_8,33,19,3,43
P43_9,0,16,5,43
P43_10,30,4,5,43
P43_11,7,6,5,43
P43_12,1,9,4,43
P43_13,18,2,3,43
P43_14,8,18,5,43
P43_15,24,4,1,43
P43_16,45,10,3,43
P43_17,45,7,3,43
P43_18,17,17,3,43
P43_19,32,4,1,43
P43_20,22,8,5,43
P43_21,43,8,5,43
P43_22,29,20,2,43
P43_23,2,19,1,43
P43_24,29,8,4,43
P43_25,33,14,2,43
P43_26,14,4,1,43
P43_27,20,10,4,43
P43_28,2,13,1,43
P43_29,17,10,3,43
P43_30,28,18,1,43
P43_31,7,12,5,43
P43_32,9,14,1,43
P43_33,32,17,3,43
P43_34,49,9,2,43
P43_35,1,20,3,43
P43_36,42,8,5,43
P43_37,6,1,2,43
P43_38,14,12,5,43
P43_39,43,18,5,43
P43_40,45,19,2,43
P43_41,48,14,2,43
P43_42,26,2,1,43
P43_43,37,7,3,43
P43_44,48,15,3,43
P43_45,28,5,4,43
P43_46,38,16,2,43
P43_47,8,10,5,43
P43_48,16,8,4,43
P43_49,28,14,4,43
P43_50,31,1,2,43
P44_1,41,14,2,44
P44_2,0,1,1,44
P44_3,4,2,3,44
P44_4,23,13,5,44
P44_5,50,7,4,44
P44_6,23,10,3,44
P44_7,23,4,2,44
P44_8,48,17,3,44
P44_9,32,8,3,44
P44_10,36,6,5,44
P44_11,48,13,3,44
P44_12,28,18,5,44
P44_13,6,16,4,44
P44_14,5,18,2,44
P44_15,15,11,3,44
P44_16,13,7,5,44
P44_17,20,7,2,44
P44_18,18,20,2,44
P44_19,46,16,5,44
P44_20,42,4,1,44
P44_21,27,4,1,44
P44_22,20,7,5,44
P44_23,4,2,5,44
P44_24,13,8,4,44
P44_25,2,4,4,44
P44_26,18,15,1,44
P44_27,35,13,5,44
P44_28,6,12,5,44
P44_29,28,18,1,44
P44_30,8,11,5,44
P44_31,22,17,3,44
P44_32,33,20,5,44
P44_33,15,3,3,44
P44_34,10,4,2,44
P44_35,15,20,4,44
P44_36,20,14,2,44
P44_37,22,13,1,44
P44_38,36,13,5,44
P44_39,31,15,3,44
P44_40,1,20,1,44
P44_41,7,8,2,44
P44_42,44,16,2,44
P44_43,14,6,1,44
P44_44,15,15,3,44
P44_45,27,4,1,44
P44_46,14,17,5,44
P44_47,12,15,4,44
P44_48,12,6,1,44
P44_49,33,6,5,44
P44_50,10,9,3,44
P45_1,48,8,2,45
P45_2,2,16,1,45
P45_3,25,19,3,45
P45_4,20,13,4,45
P45_5,2,6,4,45
P45_6,37,13,1,45
P45_7,10,16,2,45
P45_8,47,14,2,45
P45_9,15,5,1,45
P45_10,22,5,4,45
P45_11,38,10,5,45
P45_12,2,17,2,45
P45_13,36,2,4,45
P45_14,6,13,1,45
P45_15,19,3,4,45
P45_16,28,19,1,45
P45_17,24,17,4,45
P45_18,37,9,3,45
P45_19,48,12,4,45
P45_20,9,8,1,45
P45_21,40,15,3,45
P45_22,39,17,1,45
P45_23,47,11,4,45
P45_24,24,19,2,45
P45_25,50,20,2,45
P45_26,21,11,4,45
P45_27,2,16,4,45
P45_28,6,16,5,45
P45_29,46,14,2,45
P45_30,42,13,1,45
P45_31,49,1,2,45
P45_32,31,10,5,45
P45_33,37,15,3,45
P45_34,40,2,4,45
P45_35,34,19,3,45
P45_36,41,20,3,45
P45_37,41,4,2,45
P45_38,32,15,5,45
P45_39,26,4,5,45
P45_40,28,14,2,45
P45_41,50,11,2,45
P45_42,25,8,4,45
P45_43,24,11,3,45
P45_44,45,11,5,45
P45_45,46,5,4,45
P45_46,25,4,2,45
P45_47,26,16,2,45
P45_48,19,2,3,45
P45_49,20,17,5,45
P45_50,4,8,3,45
P46_1,33,3,4,46
P46_2,33,11,4,46
P46_3,44,13,2,46
P46_4,38,4,4,46
P46_5,4,1,4,46
P46_6,27,7,2,46
P46_7,42,20,4,46
P46_8,2,16,2,46
P46_9,2,20,5,46
P46_10,7,5,3,46
P46_11,6,13,4,46
P46_12,31,7,1,46
P46_13,2,6,1,46
P46_14,26,8,2,46
P46_15,49,3,1,46
P46_16,11,9,5,46
P46_17,38,17,2,46
P46_18,46,20,2,46
P46_19,8,15,4,46
P46_20,2,15,5,46
P46_21,6,15,3,46
P46_22,19,9,2,46
P46_23,42,20,1,46
P46_24,46,8,1,46
P46_25,43,12,4,46
P46_26,6,16,4,46
P46_27,19,9,2,46
P46_28,3,3,1,46
P46_29,5,5,2,46
P46_30,5,14,2,46
P46_31,13,16,2,46
P46_32,30,14,5,46
P46_33,35,19,3,46
P46_34,47,7,2,46
P46_35,26,14,5,46
P46_36,46,8,2,46
P46_37,44,13,1,46
P46_38,21,9,4,46
P46_39,42,17,1,46
P46_40,33,13,5,46
P46_41,26,17,3,46
P46_42,34,3,4,46
P46_43,46,5,1,46
P46_44,32,16,2,46
P46_45,10,20,2,46
P46_46,33,11,1,46
P46_47,39,3,2,46
P46_48,37,9,2,46
P46_49,18,16,5,46
P46_50,26,18,2,46
P47_1,39,17,3,47
P47_2,2,19,5,47
P47_3,40,12,4,47
P47_4,11,19,1,47
P47_5,14,8,4,47
P47_6,14,17,1,47
P47_7,16,16,2,47
P47_8,12,6,4,47
P47_9,14,7,5,47
P47_10,48,20,4,47
P47_11,21,6,5,47
P47_12,40,15,1,47
P47_13,14,5,1,47
P47_14,6,8,4,47
P47_15,48,18,3,47
P47_16,6,5,5,47
P47_17,11,9,1,47
P47_18,43,9,5,47
P47_19,35,17,4,47
P47_20,49,20,4,47
P47_21,49,16,2,47
P47_22,13,20,5,47
P47_23,16,15,1,47
P47_24,15,12,2,47
P47_25,19,17,3,47
P47_26,27,8,3,47
P47_27,3,7,1,47
P47_28,39,4,3,47
P47_29,15,4,5,47
P47_30,15,11,5,47
P47_31,25,11,5,47
P47_32,27,2,2,47
P47_33,29,16,1,47
P47_34,36,6,2,47
P47_35,34,4,5,47
P47_36,33,6,5,47
P47_37,35,18,1,47
P47_38,6,1,1,47
P47_39,21,20,3,47
P47_40,25,10,1,47
P47_41,32,18,4,47
P47_42,19,5,1,47
P47_43,17,7,4,47
P47_44,20,12,1,47
P47_45,40,1,3,47
P47_46,43,16,4,47
P47_47,17,8,4,47
P47_48,35,18,2,47
P47_49,9,4,3,47
P47_50,34,8,1,47
P48_1,12,16,3,48
P48_2,4,13,5,48
P48_3,27,5,1,48
P48_4,15,13,2,48
P48_5,10,13,1,48
P48_6,43,7,2,48
P48_7,47,9,3,48
P48_8,12,5,3,48
P48_9,0,6,2,48
P48_10,19,11,5,48
P48_11,45,10,4,48
P48_12,36,12,4,48
P48_13,11,12,2,48
P48_14,43,2,1,48
P48_15,22,15,3,48
P48_16,16,16,3,48
P48_17,17,3,3,48
P48_18,41,7,3,48
P48_19,39,6,3,48
P48_20,26,10,1,48
P48_21,4,5,5,48
P48_22,7,3,5,48
P48_23,19,10,5,48
P48_24,29,12,5,48
P48_25,13,7,3,48
P48_26,20,17,1,48
P48_27,35,17,1,48
P48_28,4,10,2,48
P48_29,21,12,5,48
P48_30,3,6,5,48
P48_31,1,2,1,48
P48_32,1,18,2,48
P48_33,20,11,5,48
P48_34,1,15,5,48
P48_35,18,4,2,48
P48_36,14,1,3,48
P48_37,17,2,1,48
P48_38,39,18,2,48
P48_39,44,13,5,48
P48_40,0,17,1,48
P48_41,12,16,1,48
P48_42,38,4,1,48
P48_43,46,16,5,48
P48_44,37,19,4,48
P48_45,34,16,2,48
P48_46,14,4,2,48
P48_47,7,6,1,48
P48_48,30,3,5,48
P48_49,23,4,4,48
P48_50,12,7,4,48
P49_1,31,10,1,49
P49_2,25,8,2,49
P49_3,18,2,3,49
P49_4,11,8,1,49
P49_5,25,8,2,49
P49_6,5,13,1,49
P49_7,28,6,5,49
P49_8,14,16,1,49
P49_9,1,14,4,49
P49_10,43,13,2,49
P49_11,16,6,5,49
P49_12,25,2,5,49
P49_13,41,11,2,49
P49_14,46,13,4,49
P49_15,6,15,5,49
P49_16,31,17,1,49
P49_17,1,5,1,49
P49_18,22,3,4,49
P49_19,11,6,5,49
P49_20,14,3,3,49
P49_21,5,19,2,49
P49_22,11,15,2,49
P49_23,31,15,1,49
P49_24,6,19,3,49
P49_25,15,4,5,49
P49_26,43,18,5,49
P49_27,33,2,3,49
P49_28,35,13,2,49
P49_29,20,1,5,49
P49_30,20,5,5,49
P49_31,10,7,3,49
P49_32,15,15,2,49
P49_33,43,19,5,49
P49_34,49,1,4,49
P49_35,22,3,4,49
P49_36,45,10,2,49
P49_37,2,18,3,49
P49_38,41,6,1,49
P49_39,45,15,2,49
P49_40,0,19,5,49
P49_41,25,18,2,49
P49_42,29,4,3,49
P49_43,22,8,1,49
P49_44,32,5,2,49
P49_45,5,1,5,49
P49_46,9,3,4,49
P49_47,26,18,1,49
P49_48,50,18,1,49
P49_49,17,13,5,49
P49_50,49,11,1,49
P50_1,46,17,4,50
P50_2,24,10,3,50
P50_3,20,7,4,50
P50_4,9,6,2,50
P50_5,11,13,3,50
P50_6,13,4,5,50
P50_7,10,6,2,50
P50_8,16,20,3,50
P50_9,37,15,2,50
P50_10,38,17,1,50
P50_11,13,3,2,50
P50_12,50,11,5,50
P50_13,28,18,4,50
P50_14,10,17,3,50
P50_15,29,13,1,50
P50_16,23,18,2,50
P50_17,1,16,1,50
P50_18,39,17,4,50
P50_19,6,10,2,50
P50_20,30,6,4,50
P50_21,50,12,4,50
P50_22,46,18,5,50
P50_23,28,6,4,50
P50_24,22,12,3,50
P50_25,6,3,5,50
P50_26,49,14,3,50
P50_27,48,18,4,50
P50_28,27,15,1,50
P50_29,20,7,5,50
P50_30,9,10,1,50
P50_31,23,2,3,50
P50_32,33,9,3,50
P50_33,44,8,3,50
P50_34,48,17,5,50
P50_35,42,7,1,50
P50_36,11,18,1,50
P50_37,30,15,3,50
P50_38,30,2,4,50
P50_39,6,1,4,50
P50_40,34,14,1,50
P50_41,6,4,5,50
P50_42,15,12,3,50
P50_43,20,15,1,50
P50_44,46,4,1,50
P50_45,11,4,3,50
P50_46,0,4,5,50
P50_47,7,7,3,50
P50_48,10,10,3,50
P50_49,24,14,5,50
P50_50,43,15,5,50
P51_1,18,19,5,51
P51_2,39,14,2,51
P51_3,8,14,3,51
P51_4,46,15,2,51
P51_5,33,18,4,51
P51_6,3,10,1,51
P51_7,12,11,5,51
P51_8,11,2,3,51
P51_9,29,7,2,51
P51_10,8,13,4,51
P51_11,7,17,4,51
P51_12,8,7,1,51
P51_13,46,17,1,51
P51_14,43,13,4,51
P51_15,22,5,5,51
P51_16,31,1,5,51
P51_17,26,19,5,51
P51_18,9,11,3,51
P51_19,46,12,5,51
P51_20,30,5,2,51
P51_21,16,13,4,51
P51_22,39,5,2,51
P51_23,26,9,4,51
P51_24,42,1,3,51
P51_25,26,4,4,51
P51_26,39,7,2,51
P51_27,4,16,5,51
P51_28,3,10,4,51
P51_29,18,1,4,51
P51_30,17,14,1,51
P51_31,2,17,1,51
P51_32,41,2,3,51
P51_33,2,16,4,51
P51_34,22,14,1,51
P51_35,42,18,3,51
P51_36,40,16,4,51
P51_37,30,5,3,51
P51_38,18,11,4,51
P51_39,48,7,4,51
P51_40,26,8,4,51
P51_41,3,9,5,51
P51_42,3,14,1,51
P51_43,20,8,4,51
P51_44,7,7,2,51
P51_45,7,15,2,51
P51_46,49,12,2,51
P51_47,48,10,1,51
P51_48,22,11,1,51
P51_49,19,1,2,51
P51_50,20,11,5,51
P52_1,38,20,5,52
P52_2,24,20,1,52
P52_3,7,19,4,52
P52_4,1,12,2,52
P52_5,29,10,4,52
P52_6,28,20,2,52
P52_7,7,8,5,52
P52_8,5,3,3,52
P52_9,38,1,4,52
P52_10,2,11,1,52
P52_11,6,16,3,52
P52_12,31,4,4,52
P52_13,5,2,2,52
P52_14,24,18,1,52
P52_15,35,20,5,52
P52_16,21,14,4,52
P52_17,5,1,4,52
P52_18,0,10,3,52
P52_19,1,10,4,52
P52_20,34,13,5,52
P52_21,26,9,1,52
P52_22,46,18,3,52
P52_23,12,10,4,52
P52_24,7,13,4,52
P52_25,11,18,4,52
P52_26,31,11,1,52
P52_27,7,7,2,52
P52_28,9,15,3,52
P52_29,16,4,2,52
P52_30,39,10,4,52
P52_31,46,7,2,52
P52_32,4,14,2,52
P52_33,11,12,4,52
P52_34,16,2,1,52
P52_35,11,6,2,52
P52_36,5,19,2,52
P52_37,14,6,4,52
P52_38,1,10,4,52
P52_39,41,16,5,52
P52_40,18,4,4,52
P52_41,0,14,5,52
P52_42,37,3,5,52
P52_43,4,4,2,52
P52_44,5,10,2,52
P52_45,43,11,2,52
P52_46,13,12,2,52
P52_47,31,7,5,52
P52_48,50,7,2,52
P52_49,29,13,3,52
P52_50,42,2,3,52
P53_1,25,16,4,53
P53_2,36,20,5,53
P53_3,25,16,1,53
P53_4,16,16,1,53
P53_5,40,13,4,53
P53_6,24,16,2,53
P53_7,5,14,2,53
P53_8,23,13,5,53
P53_9,26,7,1,53
P53_10,11,15,1,53
P53_11,45,7,2,53
P53_12,25,10,5,53
P53_13,8,7,4,53
P53_14,4,5,5,53
P53_15,26,19,4,53
P53_16,44,13,3,53
P53_17,34,16,3,53
P53_18,17,5,1,53
P53_19,23,12,3,53
P53_20,44,20,1,53
P53_21,17,20,4,53
P53_22,38,11,2,53
P53_23,9,18,5,53
P53_24,6,7,1,53
P53_25,33,13,3,53
P53_26,32,2,3,53
P53_27,16,8,1,53
P53_28,44,13,3,53
P53_29,13,11,2,53
P53_30,39,18,5,53
P53_31,48,6,5,53
P53_32,3,2,5,53
P53_33,29,20,1,53
P53_34,25,19,4,53
P53_35,5,5,2,53
P53_36,50,16,5,53
P53_37,41,1,3,53
P53_38,33,2,1,53
P53_39,32,4,5,53
P53_40,14,5,3,53
P53_41,0,2,1,53
P53_42,45,10,4,53
P53_43,14,5,3,53
P53_44,15,18,2,53
P53_45,16,12,5,53
P53_46,7,4,5,53
P53_47,14,15,5,53
P53_48,26,18,4,53
P53_49,42,11,2,53
P53_50,20,5,5,53
P54_1,15,11,5,54
P54_2,27,3,2,54
P54_3,25,18,1,54
P54_4,41,12,2,54
P54_5,18,20,5,54
P54_6,42,2,4,54
P54_7,10,13,4,54
P54_8,18,6,4,54
P54_9,46,2,1,54
P54_10,23,9,5,54
P54_11,2,19,3,54
P54_12,41,7,5,54
P54_13,21,18,1,54
P54_14,48,17,2,54
P54_15,7,14,3,54
P54_16,33,10,3,54
P54_17,18,15,5,54
P54_18,13,10,4,54
P54_19,37,18,2,54
P54_20,48,12,3,54
P54_21,28,6,2,54
P54_22,41,14,5,54
P54_23,13,11,1,54
P54_24,26,7,5,54
P54_25,37,9,4,54
P54_26,11,1,1,54
P54_27,14,13,2,54
P54_28,3,17,5,54
P54_29,5,6,3,54
P54_30,2,4,1,54
P54_31,31,16,1,54
P54_32,11,18,1,54
P54_33,8,19,3,54
P54_34,30,1,5,54
P54_35,34,17,4,54
P54_36,33,12,4,54
P54_37,16,17,4,54
P54_38,48,18,4,54
P54_39,20,20,2,54
P54_40,26,1,4,54
P54_41,25,20,1,54
P54_42,40,19,4,54
P54_43,27,1,4,54
P54_44,16,1,2,54
P54_45,4,20,2,54
P54_46,15,19,1,54
P54_47,37,10,3,54
P54_48,17,18,1,54
P54_49,8,12,3,54
P54_50,25,2,5,54
P55_1,36,7,4,55
P55_2,7,6,4,55
P55_3,15,8,1,55
P55_4,10,5,5,55
P55_5,14,4,5,55
P55_6,21,2,4,55
P55_7,4,13,5,55
P55_8,49,3,5,55
P55_9,13,5,4,55
P55_10,15,8,5,55
P55_11,2,6,3,55
P55_12,29,12,2,55
P55_13,29,1,2,55
P55_14,44,9,1,55
P55_15,11,7,2,55
P55_16,37,13,5,55
P55_17,4,2,3,55
P55_18,17,8,1,55
P55_19,20,7,4,55
P55_20,10,4,3,55
P55_21,36,15,3,55
P55_22,36,12,4,55
P55_23,43,4,5,55
P55_24,48,10,3,55
P55_25,30,12,1,55
P55_26,8,6,4,55
P55_27,24,6,4,55
P55_28,1,16,2,55
P55_29,36,11,2,55
P55_30,46,1,4,55
P55_31,20,18,3,55
P55_32,9,3,1,55
P55_33,50,8,2,55
P55_34,20,6,3,55
P55_35,27,16,3,55
P55_36,43,14,4,55
P55_37,28,10,1,55
P55_38,43,13,4,55
P55_39,28,15,3,55
P55_40,39,7,2,55
P55_41,1,10,4,55
P55_42,42,16,2,55
P55_43,8,14,2,55
P55_44,40,11,4,55
P55_45,9,13,3,55
P55_46,33,7,4,55
P55_47,29,10,2,55
P55_48,17,8,5,55
P55_49,20,3,5,55
P55_50,20,18,2,55
P56_1,11,4,1,56
P56_2,5,16,3,56
P56_3,27,20,2,56
P56_4,24,12,5,56
P56_5,50,9,4,56
P56_6,27,13,2,56
P56_7,30,2,3,56
P56_8,47,20,4,56
P56_9,22,14,5,56
P56_10,1,2,3,56
P56_11,43,15,1,56
P56_12,17,2,5,56
P56_13,46,6,2,56
P56_14,41,14,2,56
P56_15,29,18,2,56
P56_16,46,13,5,56
P56_17,10,5,1,56
P56_18,15,3,3,56
P56_19,24,4,4,56
P56_20,46,10,4,56
P56_21,25,8,5,56
P56_22,28,11,1,56
P56_23,21,11,4,56
P56_24,12,8,2,56
P56_25,21,1,4,56
P56_26,11,5,3,56
P56_27,42,18,5,56
P56_28,11,15,2,56
P56_29,39,10,2,56
P56_30,13,7,5,56
P56_31,12,16,4,56
P56_32,42,11,2,56
P56_33,37,14,5,56
P56_34,34,12,1,56
P56_35,11,6,1,56
P56_36,26,3,1,56
P56_37,43,10,2,56
P56_38,23,11,1,56
P56_39,1,8,5,56
P56_40,24,17,2,56
P56_41,44,18,1,56
P56_42,18,4,1,56
P56_43,16,11,4,56
P56_44,1,7,5,56
P56_45,16,9,3,56
P56_46,6,5,3,56
P56_47,28,16,4,56
P56_48,13,19,3,56
P56_49,34,9,5,56
P56_50,50,5,2,56
P57_1,21,19,3,57
P57_2,18,2,1,57
P57_3,35,20,1,57
P57_4,42,7,2,57
P57_5,11,8,2,57
P57_6,28,1,5,57
P57_7,12,13,4,57
P57_8,25,6,3,57
P57_9,44,8,4,57
P57_10,40,5,2,57
P57_11,20,11,5,57
P57_12,38,6,4,57
P57_13,12,12,3,57
P57_14,32,4,3,57
P57_15,29,5,3,57
P57_16,31,9,1,57
P57_17,40,7,1,57
P57_18,48,14,3,57
P57_19,4,16,2,57
P57_20,47,14,5,57
P57_21,17,19,2,57
P57_22,27,3,4,57
P57_23,4,12,4,57
P57_24,3,20,1,57
P57_25,25,8,2,57
P57_26,34,1,5,57
P57_27,35,17,4,57
P57_28,26,7,5,57
P57_29,16,2,4,57
P57_30,16,9,1,57
P57_31,6,4,2,57
P57_32,19,12,4,57
P57_33,43,8,2,57
P57_34,44,13,3,57
P57_35,23,13,3,57
P57_36,25,12,4,57
P57_37,32,20,5,57
P57_38,35,13,5,57
P57_39,8,6,3,57
P57_40,6,12,5,57
P57_41,9,17,5,57
P57_42,40,15,3,57
P57_43,32,19,4,57
P57_44,12,11,2,57
P57_45,42,1,2,57
P57_46,30,18,4,57
P57_47,18,2,3,57
P57_48,47,15,1,57
P57_49,26,17,3,57
P57_50,43,1,5,57
P58_1,4,9,2,58
P58_2,31,10,4,58
P58_3,18,8,3,58
P58_4,16,16,3,58
P58_5,35,2,3,58
P58_6,5,6,2,58
P58_7,24,16,1,58
P58_8,37,4,4,58
P58_9,20,3,1,58
P58_10,33,14,1,58
P58_11,14,5,2,58
P58_12,9,7,3,58
P58_13,33,9,3,58
P58_14,3,9,3,58
P58_15,9,9,4,58
P58_16,12,19,2,58
P58_17,18,3,5,58
P58_18,40,8,1,58
P58_19,23,12,4,58
P58_20,41,10,3,58
P58_21,0,19,2,58
P58_22,36,13,4,58
P58_23,8,8,4,58
P58_24,45,4,4,58
P58_25,0,3,4,58
P58_26,6,20,5,58
P58_27,1,6,2,58
P58_28,15,4,5,58
P58_29,37,13,2,58
P58_30,10,6,4,58
P58_31,46,18,4,58
P58_32,44,9,3,58
P58_33,12,10,4,58
P58_34,0,12,3,58
P58_35,38,4,4,58
P58_36,34,8,2,58
P58_37,25,19,1,58
P58_38,7,16,1,58
P58_39,2,4,5,58
P58_40,14,19,3,58
P58_41,14,16,5,58
P58_42,9,13,3,58
P58_43,13,13,1,58
P58_44,5,3,1,58
P58_45,5,12,4,58
P58_46,7,19,4,58
P58_47,42,8,2,58
P58_48,20,6,4,58
P58_49,11,20,2,58
P58_50,41,9,1,58
P59_1,39,14,3,59
P59_2,24,2,1,59
P59_3,12,18,1,59
P59_4,10,2,4,59
P59_5,28,7,2,59
P59_6,32,7,2,59
P59_7,2,12,2,59
P59_8,17,9,4,59
P59_9,26,5,5,59
P59_10,43,8,2,59
P59_11,12,6,1,59
P59_12,41,18,1,59
P59_13,32,9,2,59
P59_14,47,20,3,59
P59_15,22,13,3,59
P59_16,44,9,3,59
P59_17,0,18,1,59
P59_18,25,1,3,59
P59_19,11,13,5,59
P59_20,13,18,2,59
P59_21,25,6,3,59
P59_22,2,10,2,59
P59_23,35,8,5,59
P59_24,3,18,4,59
P59_25,11,1,3,59
P59_26,20,11,5,59
P59_27,5,20,1,59
P59_28,14,15,3,59
P59_29,33,12,1,59
P59_30,10,2,3,59
P59_31,46,14,3,59
P59_32,50,1,5,59
P59_33,9,4,1,59
P59_34,0,16,5,59
P59_35,4,5,5,59
P59_36,25,15,1,59
P59_37,47,8,4,59
P59_38,37,7,4,59
P59_39,10,6,3,59
P59_40,0,10,3,59
P59_41,23,8,5,59
P59_42,14,15,5,59
P59_43,30,14,5,59
P59_44,36,5,5,59
P59_45,31,2,3,59
P59_46,15,9,4,59
P59_47,18,1,1,59
P59_48,25,14,1,59
P59_49,29,5,2,59
P59_50,18,8,3,59
P60_1,34,14,3,60
P60_2,5,2,3,60
P60_3,16,20,2,60
P60_4,19,13,2,60
P60_5,10,20,3,60
P60_6,19,13,1,60
P60_7,31,1,5,60
P60_8,38,19,1,60
P60_9,36,2,2,60
P60_10,50,20,3,60
P60_11,19,19,5,60
P60_12,34,17,2,60
P60_13,3,12,1,60
P60_14,39,8,5,60
P60_15,5,18,5,60
P60_16,23,6,1,60
P60_17,29,18,4,60
P60_18,14,7,1,60
P60_19,33,15,5,60
P60_20,28,14,1,60
P60_21,36,7,4,60
P60_22,2,2,1,60
P60_23,22,18,5,60
P60_24,43,20,5,60
P60_25,50,11,5,60
P60_26,11,19,2,60
P60_27,13,20,5,60
P60_28,48,9,2,60
P60_29,16,4,4,60
P60_30,12,4,4,60
P60_31,28,13,3,60
P60_32,0,6,4,60
P60_33,33,10,4,60
P60_34,5,14,3,60
P60_35,49,16,2,60
P60_36,14,14,3,60
P60_37,8,6,3,60
P60_38,48,11,5,60
P60_39,24,5,3,60
P60_40,42,17,3,60
P60_41,14,9,3,60
P60_42,1,17,5,60
P60_43,45,20,1,60
P60_44,10,12,2,60
P60_45,25,11,4,60
P60_46,25,6,2,60
P60_47,17,8,5,60
P60_48,24,8,3,60
P60_49,11,2,4,60
P60_50,2,8,2,60
P61_1,21,17,3,61
P61_2,20,20,1,61
P61_3,22,19,5,61
P61_4,17,1,3,61
P61_5,36,2,2,61
P61_6,31,16,2,61
P61_7,29,15,2,61
P61_8,8,19,4,61
P61_9,11,15,2,61
P61_10,9,15,5,61
P61_11,46,6,5,61
P61_12,5,3,1,61
P61_13,27,3,4,61
P61_14,33,17,1,61
P61_15,9,7,5,61
P61_16,14,10,5,61
P61_17,11,19,3,61
P61_18,8,17,5,61
P61_19,45,8,4,61
P61_20,1,13,4,61
P61_21,13,7,4,61
P61_22,40,2,2,61
P61_23,19,17,3,61
P61_24,20,18,1,61
P61_25,28,8,4,61
P61_26,5,7,4,61
P61_27,23,3,1,61
P61_28,29,11,2,61
P61_29,39,14,5,61
P61_30,29,6,5,61
P61_31,38,18,5,61
P61_32,20,11,1,61
P61_33,21,15,4,61
P61_34,47,20,4,61
P61_35,14,15,1,61
P61_36,1,6,4,61
P61_37,38,5,4,61
P61_38,37,20,5,61
P61_39,30,3,2,61
P61_40,18,11,2,61
P61_41,13,6,4,61
P61_42,11,7,5,61
P61_43,3,8,5,61
P61_44,33,7,4,61
P61_45,23,19,2,61
P61_46,11,8,2,61
P61_47,11,4,4,61
P61_48,14,5,3,61
P61_49,33,13,4,61
P61_50,19,2,3,61
P62_1,27,5,4,62
P62_2,2,11,1,62
P62_3,1,17,1,62
P62_4,25,12,5,62
P62_5,38,12,3,62
P62_6,0,15,4,62
P62_7,33,18,5,62
P62_8,20,2,1,62
P62_9,7,1,3,62
P62_10,19,18,1,62
P62_11,3,19,2,62
P62_12,6,17,1,62
P62_13,31,17,1,62
P62_14,27,5,3,62
P62_15,38,7,4,62
P62_16,3,8,2,62
P62_17,19,5,5,62
P62_18,41,5,1,62
P62_19,11,10,4,62
P62_20,18,16,4,62
P62_21,21,5,1,62
P62_22,31,16,1,62
P62_23,35,11,1,62
P62_24,30,8,1,62
P62_25,8,18,1,62
P62_26,33,2,2,62
P62_27,10,1,1,62
P62_28,22,18,3,62
P62_29,35,1,2,62
P62_30,25,9,3,62
P62_31,11,1,2,62
P62_32,1,9,5,62
P62_33,6,11,5,62
P62_34,50,18,2,62
P62_35,3,10,2,62
P62_36,9,8,5,62
P62_37,19,9,5,62
P62_38,5,12,1,62
P62_39,46,15,5,62
P62_40,21,9,5,62
P62_41,9,10,2,62
P62_42,50,3,5,62
P62_43,47,12,3,62
P62_44,19,15,5,62
P62_45,13,5,3,62
P62_46,7,1,4,62
P62_47,7,9,3,62
P62_48,22,8,4,62
P62_49,13,8,1,62
P62_50,12,9,4,62
P63_1,34,16,1,63
P63_2,29,1,4,63
P63_3,27,6,5,63
P63_4,7,5,1,63
P63_5,6,18,1,63
P63_6,19,4,4,63
P63_7,10,7,5,63
P63_8,12,4,3,63
P63_9,19,10,2,63
P63_10,16,1,2,63
P63_11,17,18,4,63
P63_12,7,4,1,63
P63_13,7,18,1,63
P63_14,26,6,1,63
P63_15,10,8,2,63
P63_16,4,18,2,63
P63_17,9,10,5,63
P63_18,32,12,1,63
P63_19,30,1,1,63
P63_20,43,2,3,63
P63_21,14,14,1,63
P63_22,30,16,2,63
P63_23,44,12,3,63
P63_24,29,9,5,63
P63_25,8,6,2,63
P63_26,9,12,2,63
P63_27,30,10,4,63
P63_28,9,10,3,63
P63_29,10,3,3,63
P63_30,36,6,4,63
P63_31,15,18,3,63
P63_32,39,18,3,63
P63_33,45,10,5,63
P63_34,44,4,1,63
P63_35,19,14,2,63
P63_36,50,4,3,63
P63_37,19,12,2,63
P63_38,24,19,1,63
P63_39,40,18,5,63
P63_40,7,5,1,63
P63_41,47,2,5,63
P63_42,26,18,1,63
P63_43,4,6,2,63
P63_44,10,17,4,63
P63_45,3,5,4,63
P63_46,47,8,3,63
P63_47,38,6,3,63
P63_48,38,9,1,63
P63_49,8,4,2,63
P63_50,38,9,1,63
P64_1,33,6,5,64
P64_2,47,8,4,64
P64_3,12,20,3,64
P64_4,18,5,1,64
P64_5,4,1,5,64
P64_6,14,13,5,64
P64_7,47,6,2,64
P64_8,22,15,3,64
P64_9,0,8,3,64
P64_10,45,17,1,64
P64_11,34,7,2,64
P64_12,20,10,3,64
P64_13,40,12,1,64
P64_14,4,7,5,64
P64_15,16,9,4,64
P64_16,17,2,5,64
P64_17,33,15,3,64
P64_18,3,18,2,64
P64_19,20,4,3,64
P64_20,30,3,4,64
P64_21,1,18,5,64
P64_22,34,8,4,64
P64_23,42,6,5,64
P64_24,37,17,3,64
P64_25,15,12,4,64
P64_26,28,8,5,64
P64_27,4,15,2,64
P64_28,17,8,4,64
P64_29,27,3,2,64
P64_30,35,7,3,64
P64_31,34,4,1,64
P64_32,17,1,3,64
P64_33,13,13,4,64
P64_34,8,5,3,64
P64_35,41,9,4,64
P64_36,32,18,4,64
P64_37,50,9,2,64
P64_38,17,19,3,64
P64_39,20,10,2,64
P64_40,35,16,2,64
P64_41,37,2,2,64
P64_42,48,11,5,64
P64_43,36,20,1,64
P64_44,33,16,4,64
P64_45,8,19,5,64
P64_46,28,19,5,64
P64_47,41,3,4,64
P64_48,45,1,2,64
P64_49,35,3,3,64
P64_50,41,10,5,64
P65_1,28,11,4,65
P65_2,29,10,2,65
P65_3,44,13,5,65
P65_4,39,17,3,65
P65_5,32,20,4,65
P65_6,27,17,2,65
P65_7,26,13,5,65
P65_8,20,9,2,65
P65_9,42,17,4,65
P65_10,27,18,4,65
P65_11,30,5,1,65
P65_12,0,17,5,65
P65_13,33,16,5,65
P65_14,49,10,4,65
P65_15,28,18,2,65
P65_16,22,6,1,65
P65_17,47,20,3,65
P65_18,38,10,4,65
P65_19,17,2,5,65
P65_20,2,2,4,65
P65_21,31,20,1,65
P65_22,38,10,1,65
P65_23,25,18,3,65
P65_24,39,6,2,65
P65_25,43,1,5,65
P65_26,22,7,3,65
P65_27,45,17,2,65
P65_28,4,6,3,65
P65_29,0,12,5,65
P65_30,4,2,3,65
P65_31,28,13,1,65
P65_32,49,9,4,65
P65_33,25,20,4,65
P65_34,48,20,5,65
P65_35,17,8,1,65
P65_36,50,10,1,65
P65_37,13,6,5,65
P65_38,11,6,5,65
P65_39,19,16,4,65
P65_40,29,13,1,65
P65_41,49,20,2,65
P65_42,44,3,2,65
P65_43,2,7,2,65
P65_44,21,13,4,65
P65_45,19,19,4,65
P65_46,7,5,4,65
P65_47,48,9,1,65
P65_48,37,11,1,65
P65_49,30,14,5,65
P65_50,37,3,2,65
P66_1,16,20,2,66
P66_2,34,19,3,66
P66_3,46,3,2,66
P66_4,29,13,2,66
P66_5,15,16,3,66
P66_6,50,9,5,66
P66_7,8,14,1,66
P66_8,11,15,3,66
P66_9,15,12,2,66
P66_10,44,9,2,66
P66_11,16,4,3,66
P66_12,35,8,3,66
P66_13,24,19,1,66
P66_14,12,1,4,66
P66_15,19,14,3,66
P66_16,3,12,1,66
P66_17,28,11,2,66
P66_18,15,20,2,66
P66_19,36,14,2,66
P66_20,9,17,3,66
P66_21,31,1,4,66
P66_22,26,19,3,66
P66_23,3,5,4,66
P66_24,3,4,2,66
P66_25,23,15,3,66
P66_26,46,16,5,66
P66_27,35,20,4,66
P66_28,15,12,4,66
P66_29,0,8,5,66
P66_30,43,2,3,66
P66_31,26,16,1,66
P66_32,43,12,3,66
P66_33,48,3,3,66
P66_34,10,1,5,66
P66_35,9,20,1,66
P66_36,13,4,2,66
P66_37,35,11,2,66
P66_38,36,12,5,66
P66_39,47,19,4,66
P66_40,29,8,4,66
P66_41,14,11,3,66
P66_42,37,4,2,66
P66_43,2,8,3,66
P66_44,30,2,3,66
P66_45,41,2,2,66
P66_46,31,5,4,66
P66_47,34,6,1,66
P66_48,3,6,1,66
P66_49,1,14,4,66
P66_50,22,19,4,66
P67_1,3,12,1,67
P67_2,11,9,1,67
P67_3,14,1,2,67
P67_4,39,20,5,67
P67_5,31,13,2,67
P67_6,21,9,2,67
P67_7,18,2,2,67
P67_8,42,6,4,67
P67_9,17,5,1,67
P67_10,16,20,5,67
P67_11,5,11,2,67
P67_12,26,5,1,67
P67_13,14,16,1,67
P67_14,9,19,5,67
P67_15,0,16,1,67
P67_16,30,17,5,67
P67_17,24,8,5,67
P67_18,49,19,1,67
P67_19,31,7,3,67
P67_20,45,8,3,67
P67_21,39,4,1,67
P67_22,24,11,1,67
P67_23,2,7,5,67
P67_24,42,10,2,67
P67_25,21,17,5,67
P67_26,31,3,1,67
P67_27,11,11,2,67
P67_28,46,7,1,67
P67_29,10,13,2,67
P67_30,0,12,4,67
P67_31,46,16,4,67
P67_32,0,13,5,67
P67_33,21,1,5,67
P67_34,6,3,3,67
P67_35,23,9,2,67
P67_36,35,15,5,67
P67_37,2,9,3,67
P67_38,33,6,2,67
P67_39,37,12,5,67
P67_40,6,14,4,67
P67_41,2,2,3,67
P67_42,31,5,2,67
P67_43,26,20,2,67
P67_44,49,11,1,67
P67_45,38,16,3,67
P67_46,37,8,4,67
P67_47,50,12,2,67
P67_48,17,9,3,67
P67_49,29,2,4,67
P67_50,39,8,5,67
P68_1,42,20,5,68
P68_2,10,13,3,68
P68_3,6,8,5,68
P68_4,5,15,5,68
P68_5,20,20,5,68
P68_6,43,11,3,68
P68_7,0,13,3,68
P68_8,31,12,3,68
P68_9,10,10,2,68
P68_10,45,13,1,68
P68_11,40,14,1,68
P68_12,6,12,5,68
P68_13,29,10,4,68
P68_14,21,18,5,68
P68_15,47,16,3,68
P68_16,22,14,4,68
P68_17,46,7,3,68
P68_18,39,2,5,68
P68_19,0,16,3,68
P68_20,23,14,1,68
P68_21,19,6,1,68
P68_22,10,20,4,68
P68_23,18,16,3,68
P68_24,13,11,3,68
P68_25,0,1,4,68
P68_26,36,3,1,68
P68_27,50,8,5,68
P68_28,44,13,4,68
P68_29,25,8,3,68
P68_30,31,15,5,68
P68_31,22,19,4,68
P68_32,8,1,3,68
P68_33,34,16,1,68
P68_34,29,2,2,68
P68_35,18,8,3,68
P68_36,38,3,4,68
P68_37,39,2,3,68
P68_38,3,13,1,68
P68_39,23,13,1,68
P68_40,19,20,4,68
P68_41,33,14,5,68
P68_42,33,8,2,68
P68_43,15,4,4,68
P68_44,34,2,4,68
P68_45,32,13,1,68
P68_46,37,19,5,68
P68_47,36,10,3,68
P68_48,14,20,3,68
P68_49,31,6,5,68
P68_50,16,1,5,68
P69_1,18,2,1,69
P69_2,34,2,3,69
P69_3,42,10,5,69
P69_4,21,2,5,69
P69_5,41,15,5,69
P69_6,33,19,3,69
P69_7,23,16,3,69
P69_8,23,6,2,69
P69_9,50,3,4,69
P69_10,13,10,5,69
P69_11,49,13,5,69
P69_12,50,19,3,69
P69_13,29,11,1,69
P69_14,1,2,4,69
P69_15,32,18,5,69
P69_16,38,2,1,69
P69_17,7,11,2,69
P69_18,32,5,2,69
P69_19,13,8,4,69
P69_20,11,20,4,69
P69_21,20,1,4,69
P69_22,35,20,5,69
P69_23,0,19,1,69
P69_24,27,12,1,69
P69_25,20,15,3,69
P69_26,34,18,3,69
P69_27,5,9,4,69
P69_28,39,16,1,69
P69_29,8,5,3,69
P69_30,25,3,4,69
P69_31,40,7,5,69
P69_32,31,12,1,69
P69_33,37,12,4,69
P69_34,8,20,5,69
P69_35,31,17,4,69
P69_36,46,17,1,69
P69_37,38,4,5,69
P69_38,6,17,2,69
P69_39,48,11,5,69
P69_40,33,16,3,69
P69_41,46,12,2,69
P69_42,2,15,2,69
P69_43,29,17,2,69
P69_44,5,5,1,69
P69_45,2,2,4,69
P69_46,35,18,5,69
P69_47,19,6,4,69
P69_48,1,10,4,69
P69_49,43,20,5,69
P69_50,37,17,2,69
P70_1,48,16,2,70
P70_2,13,14,4,70
P70_3,40,7,5,70
P70_4,21,18,4,70
P70_5,1,1,4,70
P70_6,13,17,1,70
P70_7,15,18,3,70
P70_8,48,20,3,70
P70_9,37,18,3,70
P70_10,30,8,3,70
P70_11,46,1,5,70
P70_12,12,12,4,70
P70_13,34,5,4,70
P70_14,0,3,2,70
P70_15,0,12,3,70
P70_16,19,20,3,70
P70_17,12,15,4,70
P70_18,32,16,4,70
P70_19,47,15,3,70
P70_20,33,11,5,70
P70_21,3,15,5,70
P70_22,24,17,1,70
P70_23,25,6,2,70
P70_24,27,15,2,70
P70_25,39,1,5,70
P70_26,46,14,1,70
P70_27,6,18,3,70
P70_28,26,9,1,70
P70_29,29,16,2,70
P70_30,37,12,5,70
P70_31,45,17,4,70
P70_32,36,10,3,70
P70_33,19,1,3,70
P70_34,19,19,2,70
P70_35,34,14,4,70
P70_36,9,9,3,70
P70_37,2,19,4,70
P70_38,39,10,2,70
P70_39,27,20,3,70
P70_40,27,2,1,70
P70_41,48,14,2,70
P70_42,40,19,1,70
P70_43,4,11,3,70
P70_44,15,19,4,70
P70_45,32,5,4,70
P70_46,6,10,2,70
P70_47,21,8,5,70
P70_48,40,5,4,70
P70_49,29,12,1,70
P70_50,24,17,4,70
P71_1,14,7,2,71
P71_2,6,18,1,71
P71_3,35,7,3,71
P71_4,3,10,4,71
P71_5,25,1,5,71
P71_6,10,3,5,71
P71_7,41,15,3,71
P71_8,24,7,4,71
P71_9,11,3,4,71
P71_10,17,8,3,71
P71_11,47,5,4,71
P71_12,38,20,4,71
P71_13,45,18,5,71
P71_14,5,12,4,71
P71_15,31,5,5,71
P71_16,49,3,2,71
P71_17,1,5,1,71
P71_18,20,16,2,71
P71_19,25,18,5,71
P71_20,19,5,2,71
P71_21,24,16,5,71
P71_22,26,5,1,71
P71_23,18,11,1,71
P71_24,24,19,4,71
P71_25,15,20,3,71
P71_26,42,17,5,71
P71_27,24,10,5,71
P71_28,27,18,4,71
P71_29,44,15,3,71
P71_30,48,8,4,71
P71_31,37,11,3,71
P71_32,19,3,4,71
P71_33,28,13,5,71
P71_34,41,11,5,71
P71_35,5,6,2,71
P71_36,25,8,3,71
P71_37,49,20,3,71
P71_38,30,5,3,71
P71_39,35,14,4,71
P71_40,46,7,1,71
P71_41,15,1,1,71
P71_42,12,16,3,71
P71_43,34,15,4,71
P71_44,37,4,4,71
P71_45,3,3,5,71
P71_46,29,6,3,71
P71_47,22,8,2,71
P71_48,48,5,5,71
P71_49,8,16,5,71
P71_50,0,20,5,71
P72_1,28,17,2,72
P72_2,27,11,5,72
P72_3,4,17,5,72
P72_4,0,14,2,72
P72_5,33,13,1,72
P72_6,47,9,4,72
P72_7,28,17,3,72
P72_8,9,20,2,72
P72_9,23,17,1,72
P72_10,1,20,4,72
P72_11,42,13,5,72
P72_12,46,13,4,72
P72_13,19,11,2,72
P72_14,28,12,1,72
P72_15,31,17,2,72
P72_16,29,2,4,72
P72_17,13,20,4,72
P72_18,16,5,4,72
P72_19,0,16,2,72
P72_20,36,3,3,72
P72_21,16,3,4,72
P72_22,9,3,4,72
P72_23,35,6,2,72
P72_24,28,8,5,72
P72_25,4,19,3,72
P72_26,8,11,4,72
P72_27,19,18,3,72
P72_28,35,14,2,72
P72_29,39,9,5,72
P72_30,12,9,2,72
P72_31,7,20,1,72
P72_32,14,13,5,72
P72_33,32,6,5,72
P72_34,19,15,5,72
P72_35,23,9,5,72
P72_36,18,18,4,72
P72_37,40,5,1,72
P72_38,7,18,4,72
P72_39,32,8,2,72
P72_40,3,4,3,72
P72_41,22,7,4,72
P72_42,5,4,3,72
P72_43,26,15,3,72
P72_44,14,3,3,72
P72_45,13,9,2,72
P72_46,37,20,5,72
P72_47,42,16,5,72
P72_48,31,16,1,72
P72_49,17,1,3,72
P72_50,13,3,4,72
P73_1,33,11,1,73
P73_2,43,17,4,73
P73_3,36,11,2,73
P73_4,2,18,1,73
P73_5,4,16,2,73
P73_6,8,19,5,73
P73_7,21,7,3,73
P73_8,32,15,5,73
P73_9,19,18,1,73
P73_10,12,8,3,73
P73_11,29,5,1,73
P73_12,49,5,5,73
P73_13,12,10,3,73
P73_14,40,14,4,73
P73_15,30,9,5,73
P73_16,49,12,4,73
P73_17,43,16,2,73
P73_18,11,20,2,73
P73_19,47,18,5,73
P73_20,21,14,2,73
P73_21,5,17,4,73
P73_22,17,20,3,73
P73_23,9,20,5,73
P73_24,28,13,4,73
P73_25,11,19,4,73
P73_26,42,10,4,73
P73_27,44,9,3,73
P73_28,9,9,3,73
P73_29,34,3,4,73
P73_30,41,2,5,73
P73_31,7,12,5,73
P73_32,25,10,3,73
P73_33,1,3,4,73
P73_34,7,16,1,73
P73_35,21,12,2,73
P73_36,9,17,5,73
P73_37,28,16,2,73
P73_38,23,15,1,73
P73_39,11,2,5,73
P73_40,3,15,5,73
P73_41,22,1,4,73
P73_42,22,7,4,73
P73_43,46,2,5,73
P73_44,3,10,1,73
P73_45,10,12,4,73
P73_46,11,5,3,73
P73_47,26,5,2,73
P73_48,45,20,3,73
P73_49,19,5,3,73
P73_50,37,20,5,73
P74_1,39,20,3,74
P74_2,31,19,2,74
P74_3,31,10,2,74
P74_4,43,3,4,74
P74_5,49,2,4,74
P74_6,2,10,1,74
P74_7,39,18,3,74
P74_8,40,19,5,74
P74_9,26,12,4,74
P74_10,35,14,3,74
P74_11,1,18,3,74
P74_12,26,10,1,74
P74_13,8,8,1,74
P74_14,39,7,1,74
P74_15,1,10,5,74
P74_16,12,8,1,74
P74_17,24,19,4,74
P74_18,34,5,3,74
P74_19,15,11,2,74
P74_20,26,18,2,74
P74_21,34,7,1,74
P74_22,14,1,4,74
P74_23,39,2,2,74
P74_24,10,20,2,74
P74_25,27,18,2,74
P74_26,1,2,2,74
P74_27,3,3,4,74
P74_28,12,20,4,74
P74_29,34,6,4,74
P74_30,47,16,3,74
P74_31,17,19,3,74
P74_32,38,1,2,74
P74_33,10,9,3,74
P74_34,41,4,2,74
P74_35,38,1,4,74
P74_36,37,4,4,74
P74_37,22,14,5,74
P74_38,12,5,4,74
P74_39,43,5,1,74
P74_40,4,9,3,74
P74_41,11,18,4,74
P74_42,6,16,2,74
P74_43,38,20,2,74
P74_44,38,5,1,74
P74_45,33,16,3,74
P74_46,28,7,5,74
P74_47,16,19,3,74
P74_48,29,16,5,74
P74_49,22,11,1,74
P74_50,19,11,1,74
P75_1,49,2,4,75
P75_2,18,14,3,75
P75_3,17,11,2,75
P75_4,43,7,4,75
P75_5,29,3,2,75
P75_6,43,17,2,75
P75_7,29,20,1,75
P75_8,43,15,5,75
P75_9,2,18,5,75
P75_10,17,13,2,75
P75_11,21,3,4,75
P75_12,44,15,4,75
P75_13,8,10,2,75
P75_14,15,11,4,75
P75_15,16,5,2,75
P75_16,24,14,2,75
P75_17,36,19,2,75
P75_18,3,13,1,75
P75_19,7,15,4,75
P75_20,8,3,4,75
P75_21,42,3,2,75
P75_22,12,18,1,75
P75_23,24,4,1,75
P75_24,34,5,3,75
P75_25,14,3,4,75
P75_26,46,19,5,75
P75_27,20,15,3,75
P75_28,26,17,4,75
P75_29,34,5,1,75
P75_30,28,19,5,75
P75_31,38,8,4,75
P75_32,35,18,1,75
P75_33,44,20,3,75
P75_34,16,18,5,75
P75_35,5,17,3,75
P75_36,43,17,2,75
P75_37,6,11,5,75
P75_38,13,1,3,75
P75_39,11,11,1,75
P75_40,7,2,3,75
P75_41,29,5,3,75
P75_42,4,19,4,75
P75_43,39,9,1,75
P75_44,1,8,2,75
P75_45,13,10,2,75
P75_46,25,18,2,75
P75_47,33,7,1,75
P75_48,47,14,1,75
P75_49,19,1,5,75
P75_50,9,2,1,75
P76_1,36,14,2,76
P76_2,2,5,2,76
P76_3,26,10,4,76
P76_4,27,18,5,76
P76_5,9,3,1,76
P76_6,42,12,2,76
P76_7,16,18,2,76
P76_8,25,8,2,76
P76_9,2,8,1,76
P76_10,2,8,5,76
P76_11,5,6,2,76
P76_12,39,1,3,76
P76_13,48,2,5,76
P76_14,29,8,2,76
P76_15,29,8,4,76
P76_16,43,20,4,76
P76_17,3,11,4,76
P76_18,37,20,1,76
P76_19,20,11,5,76
P76_20,43,16,3,76
P76_21,8,18,3,76
P76_22,0,16,4,76
P76_23,33,9,2,76
P76_24,33,17,4,76
P76_25,36,16,4,76
P76_26,44,11,2,76
P76_27,29,5,5,76
P76_28,3,1,1,76
P76_29,21,8,1,76
P76_30,18,5,1,76
P76_31,24,14,1,76
P76_32,47,11,4,76
P76_33,25,13,5,76
P76_34,22,13,4,76
P76_35,41,8,3,76
P76_36,27,15,1,76
P76_37,45,3,1,76
P76_38,36,19,3,76
P76_39,13,17,5,76
P76_40,34,6,3,76
P76_41,28,17,1,76
P76_42,21,7,5,76
P76_43,14,13,2,76
P76_44,12,5,3,76
P76_45,20,3,1,76
P76_46,24,4,1,76
P76_47,37,5,5,76
P76_48,32,6,4,76
P76_49,9,1,1,76
P76_50,12,2,4,76
P77_1,30,20,5,77
P77_2,30,13,2,77
P77_3,4,6,4,77
P77_4,35,10,5,77
P77_5,35,12,3,77
P77_6,5,7,3,77
P77_7,24,15,3,77
P77_8,11,7,3,77
P77_9,16,19,4,77
P77_10,4,13,4,77
P77_11,40,13,1,77
P77_12,2,5,1,77
P77_13,4,7,2,77
P77_14,18,8,2,77
P77_15,33,16,5,77
P77_16,26,18,5,77
P77_17,27,10,2,77
P77_18,26,8,1,77
P77_19,43,5,4,77
P77_20,15,18,4,77
P77_21,22,6,4,77
P77_22,41,18,2,77
P77_23,5,5,5,77
P77_24,23,10,1,77
P77_25,27,4,2,77
P77_26,12,12,4,77
P77_27,7,7,1,77
P77_28,41,6,5,77
P77_29,2,10,2,77
P77_30,12,10,5,77
P77_31,48,8,5,77
P77_32,40,18,5,77
P77_33,20,11,1,77
P77_34,32,2,4,77
P77_35,13,10,2,77
P77_36,6,15,1,77
P77_37,4,17,2,77
P77_38,9,2,2,77
P77_39,27,17,5,77
P77_40,16,13,3,77
P77_41,8,19,4,77
P77_42,26,8,4,77
P77_43,29,2,5,77
P77_44,16,4,4,77
P77_45,22,12,3,77
P77_46,41,7,1,77
P77_47,49,1,2,77
P77_48,42,18,4,77
P77_49,19,9,2,77
P77_50,40,5,5,77
P78_1,2,19,1,78
P78_2,21,4,4,78
P78_3,1,17,4,78
P78_4,25,9,4,78
P78_5,19,14,5,78
P78_6,22,16,1,78
P78_7,41,13,1,78
P78_8,4,11,4,78
P78_9,23,4,4,78
P78_10,6,9,5,78
P78_11,23,17,3,78
P78_12,32,18,1,78
P78_13,15,11,1,78
P78_14,45,6,4,78
P78_15,24,19,3,78
P78_16,25,14,5,78
P78_17,49,14,2,78
P78_18,42,1,2,78
P78_19,16,6,4,78
P78_20,40,7,5,78
P78_21,34,20,3,78
P78_22,29,16,5,78
P78_23,8,17,5,78
P78_24,3,8,4,78
P78_25,32,6,5,78
P78_26,13,18,4,78
P78_27,41,15,5,78
P78_28,40,19,1,78
P78_29,16,6,4,78
P78_30,35,8,1,78
P78_31,9,14,5,78
P78_32,33,13,3,78
P78_33,49,1,2,78
P78_34,43,11,3,78
P78_35,28,5,2,78
P78_36,24,3,2,78
P78_37,11,9,3,78
P78_38,7,1,4,78
P78_39,34,19,3,78
P78_40,38,12,1,78
P78_41,46,2,5,78
P78_42,8,13,4,78
P78_43,23,11,2,78
P78_44,22,11,5,78
P78_45,17,17,1,78
P78_46,1,11,5,78
P78_47,23,16,4,78
P78_48,44,11,3,78
P78_49,27,4,4,78
P78_50,6,4,1,78
P79_1,39,17,1,79
P79_2,16,8,2,79
P79_3,23,7,5,79
P79_4,43,7,3,79
P79_5,16,8,2,79
P79_6,32,19,5,79
P79_7,26,3,2,79
P79_8,45,9,3,79
P79_9,36,20,3,79
P79_10,44,2,4,79
P79_11,11,3,1,79
P79_12,32,8,1,79
P79_13,41,1,2,79
P79_14,21,3,2,79
P79_15,29,3,5,79
P79_16,3,7,5,79
P79_17,6,2,4,79
P79_18,42,12,1,79
P79_19,1,16,5,79
P79_20,44,11,2,79
P79_21,0,19,4,79
P79_22,38,2,3,79
P79_23,22,17,2,79
P79_24,35,15,5,79
P79_25,31,11,5,79
P79_26,22,1,3,79
P79_27,38,3,5,79
P79_28,39,19,4,79
P79_29,22,7,3,79
P79_30,34,15,3,79
P79_31,47,5,2,79
P79_32,46,2,1,79
P79_33,12,10,3,79
P79_34,21,20,5,79
P79_35,26,12,4,79
P79_36,45,7,2,79
P79_37,7,5,2,79
P79_38,13,1,4,79
P79_39,48,5,2,79
P79_40,23,9,3,79
P79_41,2,18,1,79
P79_42,18,6,4,79
P79_43,27,6,1,79
P79_44,29,16,1,79
P79_45,13,4,1,79
P79_46,5,16,2,79
P79_47,44,9,3,79
P79_48,17,19,4,79
P79_49,33,4,1,79
P79_50,21,20,4,79
P80_1,40,2,3,80
P80_2,17,8,2,80
P80_3,42,14,2,80
P80_4,16,18,3,80
P80_5,34,8,3,80
P80_6,47,11,4,80
P80_7,30,12,4,80
P80_8,33,11,1,80
P80_9,17,8,2,80
P80_10,46,4,2,80
P80_11,10,4,4,80
P80_12,41,16,3,80
P80_13,5,12,5,80
P80_14,3,9,2,80
P80_15,20,9,5,80
P80_16,29,19,5,80
P80_17,1,8,1,80
P80_18,35,13,5,80
P80_19,7,13,3,80
P80_20,4,12,1,80
P80_21,33,10,4,80
P80_22,47,7,2,80
P80_23,46,1,4,80
P80_24,13,12,4,80
P80_25,0,13,5,80
P80_26,32,16,5,80
P80_27,2,10,5,80
P80_28,27,19,3,80
P80_29,38,4,1,80
P80_30,28,3,1,80
P80_31,31,6,4,80
P80_32,0,16,5,80
P80_33,42,14,5,80
P80_34,8,17,5,80
P80_35,10,13,3,80
P80_36,49,15,5,80
P80_37,23,8,4,80
P80_38,3,13,4,80
P80_39,4,16,1,80
P80_40,47,6,1,80
P80_41,25,9,5,80
P80_42,26,12,5,80
P80_43,7,20,1,80
P80_44,21,12,3,80
P80_45,43,5,2,80
P80_46,24,10,3,80
P80_47,38,11,1,80
P80_48,26,9,3,80
P80_49,17,1,3,80
P80_50,14,18,1,80
P81_1,24,14,5,81
P81_2,10,18,2,81
P81_3,34,20,2,81
P81_4,17,14,3,81
P81_5,9,4,4,81
P81_6,1,17,2,81
P81_7,23,7,2,81
P81_8,45,7,5,81
P81_9,9,7,1,81
P81_10,14,7,3,81
P81_11,3,19,3,81
P81_12,14,19,4,81
P81_13,35,18,4,81
P81_14,20,8,1,81
P81_15,24,16,4,81
P81_16,32,4,3,81
P81_17,49,6,1,81
P81_18,8,2,2,81
P81_19,41,20,2,81
P81_20,39,1,5,81
P81_21,33,8,2,81
P81_22,8,2,4,81
P81_23,37,6,1,81
P81_24,3,11,5,81
P81_25,38,3,4,81
P81_26,36,4,1,81
P81_27,15,18,4,81
P81_28,47,17,3,81
P81_29,39,13,4,81
P81_30,41,12,3,81
P81_31,37,6,3,81
P81_32,18,16,1,81
P81_33,9,7,4,81
P81_34,36,3,3,81
P81_35,8,19,4,81
P81_36,44,2,4,81
P81_37,9,18,3,81
P81_38,17,9,3,81
P81_39,0,1,2,81
P81_40,46,18,5,81
P81_41,42,14,4,81
P81_42,22,19,1,81
P81_43,10,1,5,81
P81_44,34,10,4,81
P81_45,39,1,5,81
P81_46,41,6,4,81
P81_47,25,12,3,81
P81_48,28,19,5,81
P81_49,46,6,2,81
P81_50,19,4,5,81
P82_1,29,9,1,82
P82_2,50,10,1,82
P82_3,29,18,4,82
P82_4,32,8,3,82
P82_5,46,13,3,82
P82_6,3,19,3,82
P82_7,35,7,3,82
P82_8,5,14,4,82
P82_9,25,6,2,82
P82_10,22,18,3,82
P82_11,42,6,5,82
P82_12,7,6,5,82
P82_13,22,11,3,82
P82_14,49,19,4,82
P82_15,27,13,2,82
P82_16,27,7,2,82
P82_17,23,4,1,82
P82_18,6,15,2,82
P82_19,38,14,5,82
P82_20,32,11,5,82
P82_21,2,14,2,82
P82_22,5,20,3,82
P82_23,43,1,4,82
P82_24,10,12,3,82
P82_25,20,19,2,82
P82_26,3,18,3,82
P82_27,5,19,1,82
P82_28,23,2,2,82
P82_29,11,10,2,82
P82_30,49,4,1,82
P82_31,10,12,1,82
P82_32,49,18,5,82
P82_33,31,7,3,82
P82_34,29,16,2,82
P82_35,44,12,3,82
P82_36,42,1,1,82
P82_37,0,16,4,82
P82_38,36,18,3,82
P82_39,45,6,3,82
P82_40,23,15,4,82
P82_41,49,3,1,82
P82_42,21,10,2,82
P82_43,49,15,4,82
P82_44,32,3,4,82
P82_45,47,6,1,82
P82_46,36,17,2,82
P82_47,11,18,1,82
P82_48,48,10,5,82
P82_49,11,4,5,82
P82_50,46,10,4,82
P83_1,24,2,2,83
P83_2,17,9,4,83
P83_3,25,3,5,83
P83_4,16,3,1,83
P83_5,7,14,4,83
P83_6,7,5,1,83
P83_7,32,4,5,83
P83_8,16,11,2,83
P83_9,16,4,1,83
P83_10,17,19,2,83
P83_11,1,18,2,83
P83_12,13,19,1,83
P83_13,20,4,1,83
P83_14,9,10,3,83
P83_15,27,19,5,83
P83_16,28,4,5,83
P83_17,23,3,4,83
P83_18,39,16,1,83
P83_19,35,12,5,83
P83_20,26,7,2,83
P83_21,7,2,1,83
P83_22,8,17,4,83
P83_23,9,4,2,83
P83_24,37,20,2,83
P83_25,30,18,5,83
P83_26,31,16,1,83
P83_27,16,2,3,83
P83_28,12,18,4,83
P83_29,14,19,4,83
P83_30,16,8,1,83
P83_31,30,11,1,83
P83_32,20,2,5,83
P83_33,20,4,2,83
P83_34,22,11,3,83
P83_35,50,6,1,83
P83_36,15,8,4,83
P83_37,30,14,1,83
P83_38,33,4,3,83
P83_39,36,17,5,83
P83_40,37,1,2,83
P83_41,43,4,1,83
P83_42,42,6,5,83
P83_43,29,16,4,83
P83_44,38,20,4,83
P83_45,18,16,3,83
P83_46,1,1,2,83
P83_47,6,4,3,83
P83_48,45,19,3,83
P83_49,9,1,1,83
P83_50,9,14,5,83
P84_1,12,6,3,84
P84_2,9,15,3,84
P84_3,19,11,2,84
P84_4,43,11,2,84
P84_5,22,10,3,84
P84_6,19,6,3,84
P84_7,36,11,3,84
P84_8,1,8,3,84
P84_9,8,11,3,84
P84_10,23,17,5,84
P84_11,11,6,1,84
P84_12,8,4,3,84
P84_13,20,15,4,84
P84_14,41,6,4,84
P84_15,46,10,3,84
P84_16,43,10,1,84
P84_17,39,17,2,84
P84_18,49,4,2,84
P84_19,2,11,4,84
P84_20,37,9,4,84
P84_21,29,20,3,84
P84_22,23,8,3,84
P84_23,29,10,2,84
P84_24,3,15,5,84
P84_25,50,11,2,84
P84_26,32,15,2,84
P84_27,36,3,5,84
P84_28,48,11,4,84
P84_29,23,20,2,84
P84_30,10,7,5,84
P84_31,5,3,3,84
P84_32,46,11,1,84
P84_33,31,17,4,84
P84_34,31,1,2,84
P84_35,50,11,1,84
P84_36,37,19,1,84
P84_37,24,4,4,84
P84_38,23,18,5,84
P84_39,1,8,1,84
P84_40,35,12,2,84
P84_41,7,5,4,84
P84_42,5,14,1,84
P84_43,22,6,2,84
P84_44,10,13,4,84
P84_45,20,20,3,84
P84_46,11,13,2,84
P84_47,2,13,5,84
P84_48,4,14,1,84
P84_49,0,14,1,84
P84_50,39,9,2,84
P85_1,30,4,3,85
P85_2,4,18,3,85
P85_3,27,16,5,85
P85_4,33,11,4,85
P85_5,41,4,4,85
P85_6,8,8,3,85
P85_7,17,4,4,85
P85_8,25,13,3,85
P85_9,15,2,4,85
P85_10,28,13,4,85
P85_11,39,10,5,85
P85_12,49,10,4,85
P85_13,47,20,1,85
P85_14,19,5,3,85
P85_15,30,1,3,85
P85_16,33,18,1,85
P85_17,3,1,4,85
P85_18,26,17,1,85
P85_19,44,13,1,85
P85_20,39,20,3,85
P85_21,24,2,4,85
P85_22,10,19,1,85
P85_23,43,1,2,85
P85_24,43,9,5,85
P85_25,2,13,4,85
P85_26,6,13,4,85
P85_27,5,16,3,85
P85_28,17,3,4,85
P85_29,43,5,2,85
P85_30,3,18,3,85
P85_31,47,20,5,85
P85_32,19,19,5,85
P85_33,10,17,1,85
P85_34,0,15,3,85
P85_35,23,2,4,85
P85_36,42,3,5,85
P85_37,14,4,1,85
P85_38,33,19,4,85
P85_39,2,18,2,85
P85_40,14,14,2,85
P85_41,24,5,1,85
P85_42,6,3,4,85
P85_43,49,3,3,85
P85_44,3,10,4,85
P85_45,45,8,2,85
P85_46,40,1,5,85
P85_47,2,20,1,85
P85_48,48,13,4,85
P85_49,8,17,2,85
P85_50,11,7,2,85
P86_1,11,15,1,86
P86_2,44,14,3,86
P86_3,35,8,2,86
P86_4,38,7,5,86
P86_5,48,3,4,86
P86_6,12,18,4,86
P86_7,34,8,1,86
P86_8,17,7,3,86
P86_9,47,11,2,86
P86_10,19,12,3,86
P86_11,1,3,4,86
P86_12,26,7,5,86
P86_13,24,4,2,86
P86_14,19,19,5,86
P86_15,3,15,3,86
P86_16,18,19,3,86
P86_17,40,18,4,86
P86_18,37,2,1,86
P86_19,29,17,2,86
P86_20,28,2,3,86
P86_21,27,5,4,86
P86_22,1,20,3,86
P86_23,42,8,5,86
P86_24,2,19,2,86
P86_25,11,1,4,86
P86_26,31,7,1,86
P86_27,22,19,5,86
P86_28,43,7,5,86
P86_29,35,14,5,86
P86_30,25,17,3,86
P86_31,44,3,3,86
P86_32,45,15,4,86
P86_33,35,12,3,86
P86_34,24,15,4,86
P86_35,27,10,2,86
P86_36,12,15,5,86
P86_37,18,11,1,86
P86_38,41,4,3,86
P86_39,47,7,4,86
P86_40,31,4,5,86
P86_41,27,15,2,86
P86_42,41,2,3,86
P86_43,35,20,3,86
P86_44,35,4,1,86
P86_45,41,1,4,86
P86_46,23,10,4,86
P86_47,30,2,1,86
P86_48,2,3,2,86
P86_49,16,15,4,86
P86_50,47,20,2,86
P87_1,9,18,1,87
P87_2,2,9,1,87
P87_3,17,3,2,87
P87_4,33,12,1,87
P87_5,41,8,3,87
P87_6,44,16,1,87
P87_7,26,11,3,87
P87_8,28,6,5,87
P87_9,33,10,4,87
P87_10,40,10,4,87
P87_11,37,1,4,87
P87_12,10,11,1,87
P87_13,18,16,2,87
P87_14,11,2,2,87
P87_15,49,9,3,87
P87_16,16,2,3,87
P87_17,39,3,1,87
P87_18,7,8,2,87
P87_19,35,9,2,87
P87_20,13,7,2,87
P87_21,43,8,1,87
P87_22,45,13,3,87
P87_23,50,10,1,87
P87_24,49,18,3,87
P87_25,27,3,5,87
P87_26,41,6,3,87
P87_27,14,17,2,87
P87_28,34,13,5,87
P87_29,23,5,2,87
P87_30,28,9,5,87
P87_31,33,5,1,87
P87_32,28,10,5,87
P87_33,15,6,2,87
P87_34,14,9,2,87
P87_35,10,19,1,87
P87_36,43,15,5,87
P87_37,37,9,4,87
P87_38,43,13,3,87
P87_39,28,6,2,87
P87_40,9,3,2,87
P87_41,49,7,3,87
P87_42,1,8,5,87
P87_43,43,16,1,87
P87_44,20,13,3,87
P87_45,44,20,5,87
P87_46,3,19,4,87
P87_47,0,3,5,87
P87_48,25,6,3,87
P87_49,24,13,2,87
P87_50,17,4,2,87
P88_1,38,5,1,88
P88_2,42,3,3,88
P88_3,8,15,5,88
P88_4,36,10,4,88
P88_5,11,10,5,88
P88_6,32,14,5,88
P88_7,44,5,3,88
P88_8,10,18,5,88
P88_9,5,1,3,88
P88_10,15,9,3,88
P88_11,14,2,3,88
P88_12,23,18,4,88
P88_13,49,1,4,88
P88_14,38,13,2,88
P88_15,38,18,4,88
P88_16,4,4,1,88
P88_17,39,10,5,88
P88_18,23,12,4,88
P88_19,14,19,4,88
P88_20,41,12,2,88
P88_21,29,3,3,88
P88_22,43,9,1,88
P88_23,6,3,3,88
P88_24,31,16,2,88
P88_25,33,8,5,88
P88_26,9,17,2,88
P88_27,45,12,3,88
P88_28,0,1,1,88
P88_29,50,5,3,88
P88_30,45,15,3,88
P88_31,27,8,4,88
P88_32,36,13,4,88
P88_33,6,18,5,88
P88_34,33,10,1,88
P88_35,43,2,3,88
P88_36,36,7,3,88
P88_37,18,18,3,88
P88_38,3,4,3,88
P88_39,43,11,4,88
P88_40,44,15,1,88
P88_41,46,3,3,88
P88_42,14,1,1,88
P88_43,13,10,3,88
P88_44,16,12,1,88
P88_45,25,17,5,88
P88_46,34,11,3,88
P88_47,7,7,4,88
P88_48,39,20,5,88
P88_49,47,15,4,88
P88_50,42,19,1,88
P89_1,39,15,3,89
P89_2,40,20,3,89
P89_3,1,7,3,89
P89_4,45,14,2,89
P89_5,17,16,4,89
P89_6,10,13,4,89
P89_7,27,20,2,89
P89_8,17,7,2,89
P89_9,20,3,4,89
P89_10,39,5,3,89
P89_11,35,2,5,89
P89_12,42,2,3,89
P89_13,4,14,4,89
P89_14,7,18,4,89
P89_15,7,17,2,89
P89_16,49,10,3,89
P89_17,0,6,1,89
P89_18,32,2,5,89
P89_19,33,17,3,89
P89_20,15,1,5,89
P89_21,48,16,1,89
P89_22,8,17,5,89
P89_23,6,3,5,89
P89_24,29,15,3,89
P89_25,40,4,4,89
P89_26,7,4,3,89
P89_27,21,1,3,89
P89_28,20,6,1,89
P89_29,27,14,2,89
P89_30,16,16,1,89
P89_31,0,1,1,89
P89_32,22,11,5,89
P89_33,30,14,2,89
P89_34,28,4,5,89
P89_35,17,15,4,89
P89_36,39,17,5,89
P89_37,33,8,3,89
P89_38,36,11,3,89
P89_39,42,1,3,89
P89_40,39,11,1,89
P89_41,19,3,5,89
P89_42,20,20,4,89
P89_43,23,16,1,89
P89_44,17,17,4,89
P89_45,25,14,3,89
P89_46,20,19,2,89
P89_47,21,7,5,89
P89_48,21,16,5,89
P89_49,24,6,2,89
P89_50,3,13,2,89
P90_1,9,5,2,90
P90_2,30,6,5,90
P90_3,41,16,4,90
P90_4,0,18,2,90
P90_5,35,7,3,90
P90_6,30,17,4,90
P90_7,27,10,1,90
P90_8,46,18,5,90
P90_9,19,6,5,90
P90_10,35,9,2,90
P90_11,35,3,4,90
P90_12,32,14,5,90
P90_13,39,7,4,90
P90_14,14,12,3,90
P90_15,47,4,1,90
P90_16,41,12,1,90
P90_17,14,5,5,90
P90_18,46,8,4,90
P90_19,18,13,3,90
P90_20,20,18,5,90
P90_21,25,3,5,90
P90_22,20,1,4,90
P90_23,17,15,3,90
P90_24,29,15,4,90
P90_25,34,7,5,90
P90_26,47,5,3,90
P90_27,24,17,3,90
P90_28,19,19,5,90
P90_29,36,12,1,90
P90_30,34,19,2,90
P90_31,14,3,1,90
P90_32,10,9,1,90
P90_33,22,18,3,90
P90_34,46,15,3,90
P90_35,7,4,4,90
P90_36,36,11,2,90
P90_37,0,12,4,90
P90_38,22,18,1,90
P90_39,19,17,5,90
P90_40,36,16,5,90
P90_41,24,18,1,90
P90_42,5,16,5,90
P90_43,22,13,3,90
P90_44,24,3,4,90
P90_45,29,13,3,90
P90_46,47,8,3,90
P90_47,37,19,4,90
P90_48,29,1,2,90
P90_49,14,2,2,90
P90_50,26,16,2,90
P91_1,30,8,4,91
P91_2,30,7,1,91
P91_3,32,18,3,91
P91_4,6,6,5,91
P91_5,39,3,4,91
P91_6,32,18,1,91
P91_7,13,7,3,91
P91_8,32,2,5,91
P91_9,50,8,2,91
P91_10,44,5,4,91
P91_11,18,1,3,91
P91_12,35,18,3,91
P91_13,0,20,1,91
P91_14,4,20,1,91
P91_15,21,7,5,91
P91_16,2,1,3,91
P91_17,2,16,1,91
P91_18,22,7,3,91
P91_19,36,9,5,91
P91_20,16,15,3,91
P91_21,25,4,5,91
P91_22,49,7,4,91
P91_23,25,2,2,91
P91_24,17,14,3,91
P91_25,2,19,4,91
P91_26,30,13,5,91
P91_27,5,19,5,91
P91_28,22,17,2,91
P91_29,24,2,2,91
P91_30,23,1,3,91
P91_31,30,5,4,91
P91_32,27,14,3,91
P91_33,7,8,3,91
P91_34,9,10,4,91
P91_35,44,3,1,91
P91_36,8,3,1,91
P91_37,35,4,3,91
P91_38,36,12,2,91
P91_39,14,14,4,91
P91_40,49,8,2,91
P91_41,17,19,2,91
P91_42,28,5,2,91
P91_43,24,17,2,91
P91_44,21,12,4,91
P91_45,13,18,2,91
P91_46,47,14,3,91
P91_47,17,6,5,91
P91_48,46,17,1,91
P91_49,34,13,4,91
P91_50,22,10,3,91
P92_1,24,5,2,92
P92_2,2,4,4,92
P92_3,28,8,2,92
P92_4,13,5,1,92
P92_5,39,4,4,92
P92_6,34,19,2,92
P92_7,15,1,4,92
P92_8,48,11,2,92
P92_9,36,8,1,92
P92_10,38,3,4,92
P92_11,12,1,1,92
P92_12,2,8,5,92
P92_13,6,14,4,92
P92_14,6,18,1,92
P92_15,27,16,2,92
P92_16,29,20,4,92
P92_17,14,1,1,92
P92_18,48,12,3,92
P92_19,30,19,5,92
P92_20,3,17,2,92
P92_21,46,6,3,92
P92_22,44,16,3,92
P92_23,32,12,4,92
P92_24,24,14,4,92
P92_25,24,6,5,92
P92_26,19,15,2,92
P92_27,5,15,1,92
P92_28,34,6,1,92
P92_29,37,2,4,92
P92_30,19,5,5,92
P92_31,28,5,3,92
P92_32,48,16,1,92
P92_33,22,9,2,92
P92_34,15,3,1,92
P92_35,11,7,5,92
P92_36,24,11,2,92
P92_37,3,7,5,92
P92_38,43,3,1,92
P92_39,10,5,1,92
P92_40,7,18,3,92
P92_41,19,7,2,92
P92_42,39,15,4,92
P92_43,20,15,3,92
P92_44,19,4,4,92
P92_45,7,3,1,92
P92_46,45,12,2,92
P92_47,2,16,2,92
P92_48,38,19,5,92
P92_49,38,10,3,92
P92_50,5,4,1,92
P93_1,0,14,5,93
P93_2,27,17,3,93
P93_3,28,11,4,93
P93_4,10,1,4,93
P93_5,50,1,2,93
P93_6,13,17,3,93
P93_7,26,9,2,93
P93_8,23,20,5,93
P93_9,3,14,2,93
P93_10,10,4,2,93
P93_11,49,3,3,93
P93_12,24,19,4,93
P93_13,9,13,2,93
P93_14,18,12,3,93
P93_15,23,19,4,93
P93_16,42,17,3,93
P93_17,49,19,4,93
P93_18,3,10,3,93
P93_19,27,14,4,93
P93_20,9,17,3,93
P93_21,15,9,4,93
P93_22,8,6,4,93
P93_23,11,3,3,93
P93_24,13,7,5,93
P93_25,12,17,3,93
P93_26,32,10,3,93
P93_27,36,14,2,93
P93_28,19,3,3,93
P93_29,48,12,5,93
P93_30,3,16,4,93
P93_31,13,18,4,93
P93_32,36,20,5,93
P93_33,26,15,4,93
P93_34,26,9,1,93
P93_35,7,4,5,93
P93_36,22,19,5,93
P93_37,15,11,2,93
P93_38,17,3,1,93
P93_39,9,5,4,93
P93_40,6,6,4,93
P93_41,41,11,5,93
P93_42,6,6,5,93
P93_43,16,19,5,93
P93_44,42,16,5,93
P93_45,8,10,1,93
P93_46,46,10,5,93
P93_47,1,14,2,93
P93_48,36,20,1,93
P93_49,48,19,4,93
P93_50,35,20,1,93
P94_1,46,18,1,94
P94_2,39,17,2,94
P94_3,26,18,1,94
P94_4,28,1,1,94
P94_5,21,6,5,94
P94_6,17,19,5,94
P94_7,34,7,4,94
P94_8,40,7,4,94
P94_9,32,17,5,94
P94_10,34,2,1,94
P94_11,19,20,5,94
P94_12,22,4,2,94
P94_13,23,4,3,94
P94_14,48,3,4,94
P94_15,23,14,1,94
P94_16,16,13,3,94
P94_17,10,3,2,94
P94_18,29,7,1,94
P94_19,35,7,4,94
P94_20,42,13,2,94
P94_21,46,3,4,94
P94_22,3,4,1,94
P94_23,27,15,5,94
P94_24,11,7,3,94
P94_25,39,15,2,94
P94_26,38,12,5,94
P94_27,16,15,2,94
P94_28,19,20,2,94
P94_29,25,20,2,94
P94_30,43,15,1,94
P94_31,12,3,3,94
P94_32,46,13,5,94
P94_33,30,5,1,94
P94_34,7,1,1,94
P94_35,5,20,5,94
P94_36,28,9,1,94
P94_37,11,9,2,94
P94_38,47,12,1,94
P94_39,24,19,4,94
P94_40,44,11,1,94
P94_41,15,2,4,94
P94_42,10,7,5,94
P94_43,23,14,4,94
P94_44,37,2,2,94
P94_45,30,18,1,94
P94_46,4,7,2,94
P94_47,4,17,5,94
P94_48,44,1,1,94
P94_49,2,9,2,94
P94_50,40,5,3,94
P95_1,37,13,5,95
P95_2,8,9,3,95
P95_3,38,7,1,95
P95_4,1,4,4,95
P95_5,46,8,2,95
P95_6,6,3,1,95
P95_7,41,13,5,95
P95_8,39,7,5,95
P95_9,42,14,3,95
P95_10,20,10,3,95
P95_11,43,19,3,95
P95_12,46,6,1,95
P95_13,27,12,3,95
P95_14,48,1,5,95
P95_15,1,8,4,95
P95_16,37,14,5,95
P95_17,19,13,2,95
P95_18,18,17,4,95
P95_19,37,6,5,95
P95_20,5,20,1,95
P95_21,49,16,3,95
P95_22,24,11,5,95
P95_23,19,2,5,95
P95_24,31,3,4,95
P95_25,13,13,5,95
P95_26,43,16,4,95
P95_27,49,1,1,95
P95_28,47,8,2,95
P95_29,42,19,1,95
P95_30,47,8,4,95
P95_31,27,18,2,95
P95_32,22,9,4,95
P95_33,18,9,2,95
P95_34,33,6,5,95
P95_35,43,6,1,95
P95_36,11,6,3,95
P95_37,10,4,4,95
P95_38,50,3,1,95
P95_39,24,6,3,95
P95_40,10,20,2,95
P95_41,12,13,1,95
P95_42,21,18,1,95
P95_43,7,10,4,95
P95_44,18,19,2,95
P95_45,43,8,5,95
P95_46,38,9,5,95
P95_47,15,9,1,95
P95_48,18,17,4,95
P95_49,6,16,1,95
P95_50,29,9,3,95
P96_1,12,4,4,96
P96_2,9,2,4,96
P96_3,49,4,2,96
P96_4,46,3,5,96
P96_5,9,16,1,96
P96_6,22,20,2,96
P96_7,42,2,2,96
P96_8,4,4,4,96
P96_9,14,5,5,96
P96_10,36,7,5,96
P96_11,45,4,1,96
P96_12,33,17,4,96
P96_13,40,15,4,96
P96_14,32,4,2,96
P96_15,26,20,4,96
P96_16,3,3,1,96
P96_17,10,1,3,96
P96_18,19,10,4,96
P96_19,18,9,4,96
P96_20,1,6,4,96
P96_21,47,16,4,96
P96_22,43,15,5,96
P96_23,4,11,2,96
P96_24,17,12,5,96
P96_25,46,5,4,96
P96_26,40,11,3,96
P96_27,50,12,4,96
P96_28,45,14,2,96
P96_29,39,1,5,96
P96_30,25,9,5,96
P96_31,24,20,1,96
P96_32,35,2,3,96
P96_33,50,1,4,96
P96_34,27,7,2,96
P96_35,39,16,1,96
P96_36,19,14,4,96
P96_37,26,8,1,96
P96_38,38,17,5,96
P96_39,30,1,1,96
P96_40,24,6,1,96
P96_41,42,11,5,96
P96_42,23,18,2,96
P96_43,26,7,1,96
P96_44,47,5,5,96
P96_45,25,1,5,96
P96_46,29,4,4,96
P96_47,18,15,1,96
P96_48,33,3,3,96
P96_49,7,5,4,96
P96_50,19,17,3,96
P97_1,39,6,2,97
P97_2,37,7,4,97
P97_3,25,5,1,97
P97_4,10,4,3,97
P97_5,40,17,3,97
P97_6,14,20,4,97
P97_7,14,14,3,97
P97_8,38,3,2,97
P97_9,3,6,4,97
P97_10,19,16,2,97
P97_11,33,6,3,97
P97_12,43,19,1,97
P97_13,25,11,3,97
P97_14,12,3,3,97
P97_15,40,18,3,97
P97_16,7,6,3,97
P97_17,28,13,3,97
P97_18,44,4,4,97
P97_19,10,19,2,97
P97_20,3,3,2,97
P97_21,40,15,2,97
P97_22,22,3,3,97
P97_23,22,11,4,97
P97_24,6,14,2,97
P97_25,19,15,1,97
P97_26,23,9,5,97
P97_27,13,7,2,97
P97_28,46,3,4,97
P97_29,48,1,4,97
P97_30,38,17,2,97
P97_31,32,3,4,97
P97_32,42,9,5,97
P97_33,4,3,5,97
P97_34,17,3,2,97
P97_35,12,4,2,97
P97_36,30,12,2,97
P97_37,31,1,2,97
P97_38,46,6,2,97
P97_39,13,3,3,97
P97_40,17,10,1,97
P97_41,11,5,3,97
P97_42,47,13,4,97
P97_43,21,10,4,97
P97_44,3,1,3,97
P97_45,36,4,3,97
P97_46,0,20,3,97
P97_47,35,19,2,97
P97_48,18,5,3,97
P97_49,19,18,3,97
P97_50,7,20,2,97
P98_1,9,3,1,98
P98_2,41,18,3,98
P98_3,47,9,5,98
P98_4,14,19,5,98
P98_5,35,6,5,98
P98_6,11,3,5,98
P98_7,32,1,4,98
P98_8,21,2,5,98
P98_9,10,2,4,98
P98_10,7,1,2,98
P98_11,43,13,4,98
P98_12,17,5,3,98
P98_13,42,14,3,98
P98_14,24,1,1,98
P98_15,18,10,2,98
P98_16,26,18,2,98
P98_17,8,7,2,98
P98_18,7,2,3,98
P98_19,41,20,1,98
P98_20,7,7,2,98
P98_21,15,6,1,98
P98_22,30,5,4,98
P98_23,6,2,1,98
P98_24,8,17,3,98
P98_25,35,17,5,98
P98_26,47,15,1,98
P98_27,37,2,2,98
P98_28,34,11,1,98
P98_29,44,12,5,98
P98_30,13,11,1,98
P98_31,50,6,5,98
P98_32,32,12,5,98
P98_33,20,15,3,98
P98_34,38,7,2,98
P98_35,23,10,3,98
P98_36,37,7,4,98
P98_37,48,1,5,98
P98_38,11,1,4,98
P98_39,19,19,1,98
P98_40,48,17,1,98
P98_41,48,14,1,98
P98_42,8,10,4,98
P98_43,43,19,3,98
P98_44,16,9,1,98
P98_45,36,14,1,98
P98_46,1,9,3,98
P98_47,19,20,3,98
P98_48,49,19,4,98
P98_49,32,17,4,98
P98_50,39,1,5,98
P99_1,14,14,5,99
P99_2,15,16,4,99
P99_3,36,11,4,99
P99_4,33,2,1,99
P99_5,38,11,3,99
P99_6,25,15,5,99
P99_7,46,18,5,99
P99_8,11,14,2,99
P99_9,30,3,5,99
P99_10,37,20,3,99
P99_11,47,5,1,99
P99_12,33,14,2,99
P99_13,23,5,5,99
P99_14,20,2,2,99
P99_15,32,10,3,99
P99_16,30,20,1,99
P99_17,16,10,5,99
P99_18,13,6,2,99
P99_19,37,15,1,99
P99_20,41,19,5,99
P99_21,25,20,4,99
P99_22,23,15,2,99
P99_23,10,11,1,99
P99_24,12,17,2,99
P99_25,50,11,4,99
P99_26,33,9,2,99
P99_27,45,6,1,99
P99_28,3,14,5,99
P99_29,21,6,2,99
P99_30,23,11,2,99
P99_31,48,11,5,99
P99_32,34,5,5,99
P99_33,16,3,3,99
P99_34,43,5,5,99
P99_35,37,11,1,99
P99_36,42,8,4,99
P99_37,21,7,3,99
P99_38,32,10,3,99
P99_39,6,12,2,99
P99_40,33,8,1,99
P99_41,20,17,4,99
P99_42,41,4,1,99
P99_43,0,17,2,99
P99_44,49,20,4,99
P99_45,35,14,2,99
P99_46,19,20,3,99
P99_47,10,17,1,99
P99_48,23,10,2,99
P99_49,11,4,3,99
P99_50,13,14,2,99
P100_1,2,4,3,100
P100_2,21,15,2,100
P100_3,38,11,2,100
P100_4,27,7,1,100
P100_5,8,18,4,100
P100_6,36,1,5,100
P100_7,8,20,2,100
P100_8,36,7,4,100
P100_9,4,12,2,100
P100_10,0,15,3,100
P100_11,47,20,5,100
P100_12,45,3,3,100
P100_13,32,11,5,100
P100_14,25,13,1,100
P100_15,6,2,3,100
P100_16,32,19,3,100
P100_17,3,8,4,100
P100_18,7,13,5,100
P100_19,32,1,1,100
P100_20,33,9,5,100
P100_21,18,15,5,100
P100_22,29,2,3,100
P100_23,32,14,3,100
P100_24,3,18,1,100
P100_25,6,7,4,100
P100_26,10,12,4,100
P100_27,22,12,2,100
P100_28,15,3,5,100
P100_29,37,9,1,100
P100_30,3,14,1,100
P100_31,37,5,3,100
P100_32,19,12,5,100
P100_33,12,17,3,100
P100_34,3,3,3,100
P100_35,16,2,2,100
P100_36,16,7,2,100
P100_37,46,13,1,100
P100_38,45,18,3,100
P100_39,4,17,1,100
P100_40,19,18,2,100
P100_41,9,19,1,100
P100_42,6,4,4,100
P100_43,48,12,1,100
P100_44,26,19,2,100
P100_45,33,20,2,100
P100_46,49,14,1,100
P100_47,46,6,2,100
P100_48,33,14,5,100
P100_49,17,18,2,100
P100_50,39,6,1,100
