Process ID,Arrival Time,Burst Time,Priority
P1,102,14,19
P2,435,27,18
P3,860,29,10
P4,270,39,7
P5,106,39,9
P6,71,1,1
P7,700,17,19
P8,20,41,5
P9,614,30,19
P10,121,13,1
P11,466,21,15
P12,214,19,16
P13,330,19,7
P14,458,25,12
P15,87,22,8
P16,372,31,5
P17,99,17,10
P18,871,23,5
P19,663,32,17
P20,130,10,5
P21,661,10,15
P22,308,36,13
P23,769,8,1
P24,343,20,11
P25,491,32,1
P26,413,14,11
P27,805,28,18
P28,385,46,18
P29,191,24,16
P30,955,15,13
P31,276,22,7
P32,160,30,1
P33,459,4,16
P34,313,13,1
P35,21,23,17
P36,252,8,6
P37,747,18,2
P38,856,12,17
P39,560,31,6
P40,474,14,14
P41,58,34,18
P42,510,18,6
P43,681,34,10
P44,475,11,18
P45,699,41,9
P46,975,12,8
P47,782,49,10
P48,189,15,17
P49,957,31,6
P50,686,49,14
P51,957,29,6
P52,562,26,7
P53,875,18,12
P54,566,32,3
P55,243,22,14
P56,831,38,19
P57,504,17,16
P58,130,23,7
P59,484,24,8
P60,818,8,18
P61,646,41,13
P62,20,6,9
P63,840,5,10
P64,166,44,9
P65,273,29,15
P66,387,28,2
P67,600,11,13
P68,315,1,2
P69,13,43,19
P70,241,19,2
P71,776,9,3
P72,345,27,6
P73,564,34,3
P74,897,44,10
P75,339,4,6
P76,91,36,16
P77,366,18,17
P78,955,15,19
P79,454,13,3
P80,427,19,18
P81,508,49,7
P82,775,6,9
P83,942,48,12
P84,34,12,5
P85,205,37,3
P86,80,17,11
P87,931,23,4
P88,561,26,5
P89,871,29,1
P90,387,33,18
P91,1,27,12
P92,389,25,13
P93,565,10,9
P94,105,47,2
P95,771,23,5
P96,821,21,13
P97,476,21,16
P98,702,43,16
P99,401,13,3
P100,729,37,4
P101,555,33,11
P102,161,24,14
P103,201,44,3
P104,957,11,16
P105,995,17,15
P106,269,4,10
P107,862,47,9
P108,815,25,11
P109,270,30,16
P110,455,9,10
P111,461,21,17
P112,726,20,19
P113,251,19,2
P114,701,19,2
P115,295,12,6
P116,724,37,19
P117,719,42,8
P118,748,17,3
P119,337,37,14
P120,878,48,16
P121,52,39,1
P122,791,28,3
P123,921,41,18
P124,216,35,9
P125,763,47,6
P126,187,48,1
P127,379,18,10
P128,492,14,6
P129,40,35,12
P130,156,44,4
P131,14,41,13
P132,812,7,17
P133,64,41,8
P134,856,13,3
P135,838,18,12
P136,520,37,7
P137,343,13,12
P138,128,36,2
P139,647,31,14
P140,471,2,5
P141,62,16,9
P142,138,9,11
P143,498,9,5
P144,592,38,3
P145,391,11,17
P146,674,22,2
P147,418,33,1
P148,288,36,7
P149,378,45,14
P150,772,23,5
P151,489,45,19
P152,230,45,11
P153,40,34,2
P154,27,9,8
P155,134,24,9
P156,200,8,3
P157,839,7,2
P158,779,36,7
P159,929,18,5
P160,32,3,5
P161,47,28,13
P162,502,6,6
P163,406,44,18
P164,573,44,2
P165,727,21,6
P166,804,28,9
P167,98,40,3
P168,683,1,1
P169,871,36,1
P170,725,21,19
P171,986,43,5
P172,546,35,13
P173,960,13,19
P174,738,49,12
P175,612,10,16
P176,942,44,19
P177,461,47,3
P178,642,10,12
P179,768,46,5
P180,4,13,2
P181,217,37,7
P182,502,38,13
P183,766,24,15
P184,397,2,3
P185,870,22,5
P186,794,17,8
P187,392,36,1
P188,206,14,8
P189,14,10,18
P190,857,35,16
P191,553,25,18
P192,891,3,12
P193,460,47,13
P194,690,38,13
P195,574,17,10
P196,863,12,7
P197,742,24,14
P198,240,29,16
P199,563,43,15
P200,95,25,12
P201,899,36,9
P202,733,26,8
P203,484,38,18
P204,406,1,18
P205,230,20,13
P206,748,28,18
P207,654,16,15
P208,170,47,4
P209,540,17,17
P210,35,40,5
P211,524,28,16
P212,159,12,9
P213,838,27,10
P214,698,42,18
P215,242,47,17
P216,85,30,18
P217,795,41,7
P218,577,34,4
P219,681,37,5
P220,556,6,16
P221,573,7,3
P222,952,32,18
P223,645,32,14
P224,795,25,15
P225,27,33,17
P226,619,7,1
P227,555,12,17
P228,339,16,11
P229,797,16,17
P230,957,43,14
P231,330,36,19
P232,639,13,7
P233,505,7,13
P234,347,36,18
P235,472,47,14
P236,230,9,1
P237,189,32,7
P238,224,11,8
P239,384,8,18
P240,376,33,9
P241,282,23,1
P242,957,25,17
P243,632,8,19
P244,627,45,6
P245,972,22,3
P246,744,4,5
P247,258,40,2
P248,358,3,4
P249,709,29,10
P250,455,41,10
P251,410,29,11
P252,648,34,16
P253,317,34,17
P254,676,28,16
P255,224,13,7
P256,818,15,16
P257,233,23,3
P258,683,44,16
P259,663,26,8
P260,974,4,12
P261,826,26,3
P262,373,40,17
P263,671,9,18
P264,607,5,11
P265,471,32,4
P266,232,20,16
P267,691,11,17
P268,112,15,9
P269,829,32,6
P270,496,28,2
P271,441,22,9
P272,563,41,6
P273,267,17,3
P274,509,26,6
P275,806,44,7
P276,385,7,1
P277,386,42,1
P278,112,26,5
P279,612,25,6
P280,624,10,13
P281,951,45,2
P282,80,19,15
P283,698,11,15
P284,112,13,13
P285,1,8,14
P286,641,40,7
P287,219,4,14
P288,565,47,10
P289,854,31,17
P290,996,28,14
P291,735,11,8
P292,224,43,4
P293,384,1,16
P294,402,49,13
P295,637,47,18
P296,129,38,14
P297,52,24,18
P298,683,47,5
P299,729,31,9
P300,671,41,3
P301,709,46,8
P302,415,26,10
P303,246,49,19
P304,835,5,3
P305,438,20,11
P306,202,41,11
P307,183,11,17
P308,122,33,16
P309,400,38,7
P310,766,27,4
P311,293,34,19
P312,279,15,12
P313,836,32,15
P314,883,21,11
P315,609,46,5
P316,197,5,5
P317,981,6,15
P318,906,38,18
P319,510,22,11
P320,751,18,12
P321,143,14,2
P322,608,10,15
P323,200,46,4
P324,123,13,18
P325,186,31,6
P326,325,30,19
P327,463,3,11
P328,348,30,2
P329,770,6,8
P330,659,29,11
P331,763,8,5
P332,954,44,18
P333,931,45,18
P334,402,43,14
P335,345,44,10
P336,962,33,3
P337,510,17,9
P338,146,48,3
P339,147,11,11
P340,863,13,12
P341,710,11,12
P342,819,31,3
P343,488,28,7
P344,928,44,14
P345,935,6,11
P346,639,41,7
P347,550,16,10
P348,337,4,11
P349,871,35,15
P350,640,48,19
P351,778,26,16
P352,987,12,12
P353,952,11,18
P354,472,37,13
P355,945,25,5
P356,150,18,4
P357,414,19,14
P358,989,23,8
P359,297,38,9
P360,610,18,19
P361,262,26,3
P362,763,6,5
P363,143,4,18
P364,345,44,1
P365,623,29,8
P366,571,34,19
P367,880,17,17
P368,1,43,17
P369,896,43,11
P370,303,16,2
P371,253,2,6
P372,651,34,14
P373,452,8,3
P374,36,13,12
P375,159,42,4
P376,8,8,12
P377,232,30,13
P378,98,32,2
P379,658,36,2
P380,815,47,15
P381,207,30,17
P382,130,1,7
P383,403,43,14
P384,151,39,12
P385,53,17,17
P386,119,20,14
P387,672,24,6
P388,919,22,19
P389,627,29,6
P390,586,22,18
P391,624,44,5
P392,967,9,6
P393,419,37,2
P394,421,10,8
P395,103,36,15
P396,851,37,15
P397,253,28,11
P398,226,28,1
P399,111,42,18
P400,509,43,12
P401,472,21,12
P402,98,24,11
P403,152,42,8
P404,860,40,7
P405,913,2,2
P406,895,8,11
P407,877,48,10
P408,337,27,3
P409,705,22,10
P410,821,37,18
P411,162,27,14
P412,719,29,18
P413,956,3,8
P414,680,44,10
P415,995,13,13
P416,160,45,8
P417,579,10,4
P418,800,36,4
P419,397,9,5
P420,276,27,1
P421,815,34,17
P422,915,1,2
P423,503,32,8
P424,895,25,7
P425,391,29,15
P426,134,7,5
P427,194,49,2
P428,400,3,7
P429,639,20,8
P430,32,20,7
P431,687,30,7
P432,459,35,14
P433,954,35,18
P434,882,49,6
P435,469,39,4
P436,374,27,10
P437,21,26,18
P438,749,14,12
P439,669,17,16
P440,37,18,7
P441,229,45,6
P442,364,29,5
P443,562,20,3
P444,437,27,12
P445,775,18,15
P446,282,4,10
P447,26,1,19
P448,225,1,16
P449,276,26,11
P450,797,45,8
P451,608,20,3
P452,283,23,7
P453,878,10,7
P454,959,11,14
P455,480,41,2
P456,452,41,10
P457,828,5,19
P458,815,1,9
P459,658,17,16
P460,515,22,19
P461,546,34,18
P462,191,45,9
P463,48,41,16
P464,511,29,13
P465,16,4,10
P466,171,5,14
P467,219,11,12
P468,157,21,19
P469,476,35,7
P470,45,12,15
P471,372,26,16
P472,517,19,8
P473,98,45,10
P474,891,7,4
P475,744,47,19
P476,36,7,19
P477,279,26,15
P478,348,40,14
P479,496,5,1
P480,301,21,16
P481,180,14,10
P482,606,4,19
P483,98,23,3
P484,699,42,5
P485,992,20,9
P486,115,15,18
P487,190,45,11
P488,252,29,16
P489,980,8,2
P490,927,41,12
P491,982,48,6
P492,160,19,11
P493,255,48,8
P494,322,39,12
P495,127,46,2
P496,17,28,9
P497,792,46,15
P498,734,27,2
P499,565,4,1
P500,569,15,10
P501,322,35,2
P502,871,37,12
P503,685,1,8
P504,791,3,5
P505,625,47,1
P506,287,24,15
P507,942,27,6
P508,853,40,12
P509,662,36,8
P510,961,34,13
P511,638,29,19
P512,154,24,1
P513,489,24,11
P514,385,42,1
P515,985,4,8
P516,784,3,5
P517,103,34,17
P518,928,49,8
P519,392,23,10
P520,810,23,2
P521,245,45,9
P522,175,5,3
P523,38,31,18
P524,476,41,7
P525,681,6,15
P526,758,37,18
P527,537,10,3
P528,866,40,14
P529,817,7,2
P530,920,39,14
P531,407,38,11
P532,524,21,16
P533,827,20,8
P534,505,3,7
P535,902,22,11
P536,824,47,3
P537,35,4,17
P538,684,28,14
P539,19,12,6
P540,320,38,8
P541,775,36,5
P542,511,47,8
P543,399,41,2
P544,653,5,15
P545,971,13,12
P546,882,23,17
P547,470,30,1
P548,142,37,15
P549,91,25,14
P550,353,48,16
P551,833,27,9
P552,799,14,1
P553,726,48,17
P554,958,47,13
P555,853,36,5
P556,50,39,10
P557,664,16,6
P558,697,22,19
P559,574,21,13
P560,189,21,1
P561,124,8,15
P562,149,49,14
P563,313,16,8
P564,569,31,10
P565,341,42,9
P566,304,10,17
P567,691,32,9
P568,681,34,3
P569,837,9,11
P570,782,17,12
P571,53,11,10
P572,443,32,17
P573,612,10,17
P574,992,22,11
P575,263,17,4
P576,52,4,7
P577,571,48,14
P578,619,47,7
P579,4,25,8
P580,102,21,1
P581,195,37,4
P582,773,38,12
P583,876,49,3
P584,991,1,13
P585,883,25,6
P586,349,36,11
P587,46,17,4
P588,866,41,16
P589,822,24,7
P590,935,2,11
P591,819,40,1
P592,655,15,7
P593,268,32,12
P594,369,39,7
P595,635,6,7
P596,105,1,10
P597,669,47,16
P598,658,23,8
P599,656,39,9
P600,119,17,9
P601,830,34,2
P602,786,41,13
P603,603,29,13
P604,57,9,4
P605,950,13,12
P606,345,6,17
P607,740,6,2
P608,473,20,13
P609,116,3,18
P610,829,17,15
P611,790,49,8
P612,126,12,15
P613,392,48,1
P614,907,47,10
P615,640,45,12
P616,57,1,5
P617,633,17,9
P618,512,3,8
P619,750,26,16
P620,801,15,14
P621,95,36,13
P622,637,32,13
P623,117,32,5
P624,559,4,16
P625,600,18,11
P626,487,49,5
P627,236,19,13
P628,884,43,11
P629,896,35,19
P630,271,40,3
P631,188,14,15
P632,998,33,7
P633,703,14,7
P634,446,34,6
P635,580,4,3
P636,789,24,13
P637,860,29,7
P638,246,19,5
P639,962,6,18
P640,75,33,8
P641,153,49,17
P642,655,40,1
P643,434,19,14
P644,996,1,17
P645,85,5,10
P646,696,27,12
P647,284,16,16
P648,973,6,14
P649,219,40,16
P650,68,13,8
P651,46,48,10
P652,93,35,17
P653,749,19,18
P654,957,12,16
P655,452,16,17
P656,203,43,16
P657,911,10,19
P658,217,25,8
P659,473,20,6
P660,431,31,6
P661,340,4,9
P662,550,44,4
P663,611,23,12
P664,288,2,12
P665,253,22,17
P666,733,37,15
P667,356,8,9
P668,22,7,7
P669,761,14,10
P670,521,3,16
P671,757,16,12
P672,836,19,7
P673,99,18,18
P674,801,16,15
P675,179,8,6
P676,222,33,12
P677,905,49,11
P678,761,12,3
P679,658,11,2
P680,441,5,6
P681,607,27,5
P682,768,12,18
P683,324,17,16
P684,515,6,8
P685,15,33,11
P686,791,5,10
P687,335,28,12
P688,758,14,6
P689,257,5,5
P690,496,33,9
P691,987,48,16
P692,895,41,14
P693,159,19,8
P694,474,22,19
P695,851,5,14
P696,663,2,7
P697,907,30,5
P698,689,47,18
P699,674,39,2
P700,379,4,11
P701,544,33,8
P702,928,13,1
P703,956,20,12
P704,690,7,2
P705,426,15,18
P706,612,23,7
P707,267,14,17
P708,834,23,14
P709,576,19,7
P710,416,29,3
P711,167,20,6
P712,841,29,2
P713,42,24,17
P714,555,18,12
P715,284,10,12
P716,396,41,17
P717,11,8,10
P718,606,26,3
P719,301,29,18
P720,897,10,13
P721,252,17,12
P722,498,2,17
P723,753,6,4
P724,34,5,10
P725,726,28,11
P726,848,41,6
P727,89,5,6
P728,775,18,9
P729,604,26,15
P730,921,20,2
P731,969,41,4
P732,601,49,5
P733,417,27,17
P734,114,49,8
P735,616,12,8
P736,902,7,12
P737,195,3,8
P738,825,10,19
P739,500,34,3
P740,625,25,18
P741,492,35,19
P742,74,16,19
P743,412,2,15
P744,375,24,6
P745,419,10,16
P746,728,38,8
P747,276,22,16
P748,760,26,18
P749,675,43,16
P750,393,39,11
P751,868,27,7
P752,456,29,17
P753,919,47,17
P754,191,38,12
P755,738,20,13
P756,688,27,10
P757,98,41,7
P758,547,20,14
P759,977,44,1
P760,998,19,17
P761,95,20,4
P762,663,35,5
P763,662,47,7
P764,189,2,10
P765,735,30,17
P766,36,34,7
P767,779,22,1
P768,368,3,7
P769,694,6,11
P770,524,15,9
P771,278,27,12
P772,216,10,3
P773,866,9,4
P774,872,33,4
P775,797,32,13
P776,272,48,19
P777,880,6,10
P778,61,41,5
P779,595,36,7
P780,879,2,16
P781,728,29,1
P782,341,4,12
P783,396,1,2
P784,698,19,7
P785,18,26,11
P786,176,25,13
P787,611,10,2
P788,395,15,7
P789,444,22,15
P790,232,48,11
P791,914,21,2
P792,75,22,7
P793,264,36,4
P794,454,34,11
P795,795,30,2
P796,717,25,16
P797,734,45,7
P798,383,28,13
P799,563,1,5
P800,850,49,17
P801,505,45,12
P802,366,4,19
P803,143,7,7
P804,884,49,6
P805,68,9,8
P806,98,36,13
P807,395,19,5
P808,24,1,2
P809,947,10,9
P810,890,36,11
P811,468,9,6
P812,483,45,7
P813,564,46,7
P814,150,42,19
P815,143,32,6
P816,568,32,11
P817,38,6,11
P818,108,48,7
P819,692,38,2
P820,41,17,19
P821,185,10,4
P822,934,27,6
P823,397,35,17
P824,222,21,5
P825,633,25,7
P826,132,28,9
P827,162,47,1
P828,214,15,1
P829,732,4,19
P830,234,29,6
P831,842,9,18
P832,657,27,10
P833,750,26,11
P834,587,19,1
P835,8,28,1
P836,73,17,13
P837,953,43,5
P838,491,41,1
P839,912,42,3
P840,252,20,18
P841,229,45,9
P842,518,40,14
P843,173,39,17
P844,652,49,14
P845,167,23,4
P846,169,47,5
P847,392,32,17
P848,945,47,2
P849,794,33,5
P850,633,46,4
P851,193,5,4
P852,516,43,6
P853,28,48,13
P854,164,34,5
P855,421,40,7
P856,338,11,1
P857,647,3,14
P858,495,33,4
P859,364,11,17
P860,832,16,14
P861,341,18,16
P862,499,30,14
P863,656,48,16
P864,510,10,8
P865,326,18,3
P866,216,38,19
P867,300,19,1
P868,131,36,2
P869,803,13,15
P870,69,46,10
P871,251,3,18
P872,414,10,14
P873,786,38,17
P874,444,1,13
P875,875,27,1
P876,181,46,5
P877,166,8,13
P878,90,46,14
P879,713,42,3
P880,857,17,15
P881,530,9,19
P882,38,6,17
P883,125,43,3
P884,450,25,16
P885,172,39,14
P886,652,49,12
P887,753,28,12
P888,219,33,11
P889,637,37,17
P890,57,9,8
P891,659,18,17
P892,475,21,11
P893,455,2,2
P894,828,43,10
P895,894,38,10
P896,360,40,11
P897,934,36,6
P898,0,43,4
P899,386,37,12
P900,972,15,11
P901,347,28,13
P902,189,18,5
P903,504,34,6
P904,190,22,1
P905,507,11,6
P906,368,13,18
P907,408,4,9
P908,823,22,15
P909,928,7,8
P910,933,43,19
P911,116,24,16
P912,133,4,6
P913,57,28,6
P914,555,15,3
P915,684,1,10
P916,671,3,1
P917,172,14,14
P918,828,38,4
P919,814,1,12
P920,148,38,6
P921,79,38,11
P922,885,21,12
P923,212,48,10
P924,202,29,18
P925,763,5,7
P926,228,49,7
P927,675,10,11
P928,226,28,4
P929,658,21,1
P930,531,7,13
P931,440,3,18
P932,401,45,9
P933,46,47,9
P934,232,20,9
P935,304,19,10
P936,525,35,2
P937,142,4,6
P938,414,5,15
P939,512,1,3
P940,372,4,11
P941,565,12,6
P942,885,27,3
P943,258,42,11
P944,655,23,15
P945,470,25,13
P946,952,21,10
P947,970,24,6
P948,11,25,15
P949,329,45,18
P950,735,46,18
P951,783,32,7
P952,967,32,15
P953,357,5,18
P954,971,36,18
P955,407,46,9
P956,667,42,2
P957,372,49,8
P958,7,42,2
P959,121,39,11
P960,347,16,7
P961,675,33,6
P962,89,49,10
P963,647,21,5
P964,697,9,11
P965,315,6,1
P966,177,45,2
P967,539,35,1
P968,731,39,19
P969,868,22,2
P970,40,41,4
P971,739,5,12
P972,703,42,18
P973,922,23,1
P974,501,17,1
P975,958,12,14
P976,144,23,4
P977,200,16,5
P978,928,3,11
P979,723,30,13
P980,460,22,16
P981,731,9,13
P982,751,29,2
P983,924,47,16
P984,908,37,6
P985,557,23,14
P986,546,13,1
P987,252,32,17
P988,389,46,11
P989,593,47,19
P990,882,48,3
P991,255,23,11
P992,708,45,5
P993,814,17,17
P994,920,40,7
P995,449,21,10
P996,9,2,11
P997,823,37,3
P998,797,6,10
P999,241,44,10
P1000,250,18,14
P1001,876,30,12
P1002,4,22,15
P1003,118,33,10
P1004,800,30,10
P1005,373,17,19
P1006,64,43,1
P1007,145,32,10
P1008,223,42,2
P1009,238,14,17
P1010,176,10,7
P1011,778,47,7
P1012,852,36,9
P1013,281,34,2
P1014,62,9,14
P1015,216,42,17
P1016,853,28,1
P1017,826,11,9
P1018,794,14,19
P1019,688,39,4
P1020,460,47,8
P1021,928,19,13
P1022,609,15,4
P1023,104,28,9
P1024,98,24,9
P1025,510,8,18
P1026,384,43,12
P1027,404,9,10
P1028,822,47,11
P1029,517,33,7
P1030,475,33,9
P1031,976,19,6
P1032,708,3,19
P1033,862,10,16
P1034,644,40,15
P1035,869,47,7
P1036,770,42,16
P1037,436,1,5
P1038,22,29,16
P1039,996,34,1
P1040,564,13,19
P1041,676,1,5
P1042,713,34,7
P1043,457,29,19
P1044,82,48,5
P1045,144,47,17
P1046,84,13,8
P1047,77,48,1
P1048,456,49,2
P1049,877,29,15
P1050,0,39,18
P1051,50,24,11
P1052,684,26,10
P1053,716,17,4
P1054,771,7,5
P1055,445,13,4
P1056,448,5,13
P1057,880,26,13
P1058,487,49,18
P1059,799,3,2
P1060,33,7,16
P1061,347,49,1
P1062,94,39,19
P1063,71,1,9
P1064,550,49,3
P1065,153,17,7
P1066,249,43,10
P1067,673,25,1
P1068,437,3,10
P1069,117,15,9
P1070,770,29,15
P1071,890,43,15
P1072,305,32,3
P1073,267,26,5
P1074,960,16,9
P1075,53,25,9
P1076,235,28,7
P1077,388,9,12
P1078,989,1,9
P1079,733,29,6
P1080,762,22,2
P1081,824,16,9
P1082,400,41,17
P1083,623,44,1
P1084,766,41,19
P1085,302,7,6
P1086,918,14,5
P1087,206,29,2
P1088,228,19,9
P1089,852,19,14
P1090,909,2,4
P1091,577,41,4
P1092,74,45,15
P1093,434,15,8
P1094,102,3,4
P1095,421,11,16
P1096,703,46,4
P1097,763,30,16
P1098,737,40,12
P1099,805,18,16
P1100,305,48,19
P1101,97,2,8
P1102,849,32,6
P1103,797,8,10
P1104,334,22,5
P1105,858,6,18
P1106,434,12,10
P1107,446,47,10
P1108,993,40,7
P1109,307,36,18
P1110,248,15,1
P1111,165,28,7
P1112,480,49,1
P1113,983,45,15
P1114,334,18,4
P1115,541,2,10
P1116,758,13,9
P1117,105,45,2
P1118,562,15,14
P1119,80,20,16
P1120,132,29,1
P1121,796,42,2
P1122,899,29,7
P1123,137,3,10
P1124,183,19,1
P1125,400,3,13
P1126,329,14,1
P1127,784,40,5
P1128,507,4,16
P1129,851,11,15
P1130,983,31,17
P1131,68,43,16
P1132,545,32,13
P1133,773,27,11
P1134,52,30,17
P1135,449,43,17
P1136,204,2,2
P1137,125,49,13
P1138,746,9,14
P1139,42,28,11
P1140,751,31,10
P1141,970,34,3
P1142,882,15,17
P1143,110,48,15
P1144,760,25,9
P1145,662,36,10
P1146,182,8,8
P1147,847,9,13
P1148,94,37,18
P1149,970,48,5
P1150,373,45,6
P1151,911,39,17
P1152,519,32,11
P1153,899,17,16
P1154,359,35,9
P1155,899,37,2
P1156,695,19,5
P1157,280,44,1
P1158,194,29,4
P1159,863,7,4
P1160,194,28,3
P1161,666,9,9
P1162,92,28,12
P1163,671,6,10
P1164,945,29,2
P1165,60,17,11
P1166,633,16,10
P1167,50,23,6
P1168,402,31,18
P1169,788,3,2
P1170,4,21,2
P1171,465,26,10
P1172,603,36,16
P1173,681,42,12
P1174,828,37,1
P1175,533,22,8
P1176,404,42,16
P1177,837,12,18
P1178,512,42,13
P1179,644,13,15
P1180,232,11,12
P1181,523,16,8
P1182,345,8,10
P1183,45,40,14
P1184,545,40,5
P1185,944,45,18
P1186,77,2,19
P1187,729,30,15
P1188,812,30,6
P1189,922,12,11
P1190,72,10,11
P1191,793,44,18
P1192,248,11,18
P1193,46,15,10
P1194,120,16,2
P1195,213,17,9
P1196,238,26,14
P1197,55,2,19
P1198,349,12,10
P1199,106,26,4
P1200,830,23,6
P1201,47,18,14
P1202,572,32,4
P1203,336,49,15
P1204,25,38,16
P1205,803,47,7
P1206,256,3,17
P1207,7,38,19
P1208,624,3,19
P1209,866,30,17
P1210,252,1,6
P1211,691,30,11
P1212,718,45,16
P1213,302,32,8
P1214,638,28,11
P1215,55,21,7
P1216,725,46,19
P1217,525,13,10
P1218,473,27,9
P1219,27,36,4
P1220,982,7,15
P1221,77,22,13
P1222,215,10,2
P1223,385,39,2
P1224,364,15,16
P1225,665,15,9
P1226,525,4,13
P1227,698,32,3
P1228,311,23,9
P1229,882,6,13
P1230,6,24,2
P1231,2,20,8
P1232,622,37,9
P1233,918,20,16
P1234,749,12,2
P1235,362,33,6
P1236,750,28,8
P1237,507,8,5
P1238,273,1,9
P1239,505,37,1
P1240,805,22,9
P1241,738,6,10
P1242,882,21,4
P1243,14,32,3
P1244,191,35,10
P1245,984,15,15
P1246,630,5,11
P1247,484,46,14
P1248,27,48,6
P1249,713,6,12
P1250,38,25,13
P1251,952,46,17
P1252,272,40,16
P1253,230,29,3
P1254,85,7,2
P1255,473,40,11
P1256,125,13,9
P1257,811,38,3
P1258,536,18,18
P1259,144,2,15
P1260,524,8,14
P1261,211,11,2
P1262,24,33,17
P1263,579,38,8
P1264,393,48,10
P1265,66,27,18
P1266,232,20,19
P1267,108,12,8
P1268,145,43,8
P1269,110,31,3
P1270,227,27,3
P1271,110,32,12
P1272,469,10,17
P1273,33,3,4
P1274,622,45,17
P1275,775,27,14
P1276,935,35,19
P1277,368,31,9
P1278,747,15,12
P1279,594,16,5
P1280,553,13,11
P1281,424,49,3
P1282,612,35,15
P1283,517,11,14
P1284,691,21,11
P1285,281,11,8
P1286,319,30,4
P1287,737,48,12
P1288,442,35,8
P1289,951,22,6
P1290,314,38,15
P1291,876,31,12
P1292,965,14,16
P1293,740,24,16
P1294,376,49,4
P1295,288,32,11
P1296,436,36,13
P1297,661,32,9
P1298,276,15,4
P1299,709,43,12
P1300,581,35,9
P1301,502,3,13
P1302,623,16,16
P1303,515,5,6
P1304,349,21,10
P1305,842,10,13
P1306,445,19,7
P1307,829,25,19
P1308,349,4,19
P1309,606,29,17
P1310,663,19,13
P1311,822,43,13
P1312,136,2,2
P1313,758,10,10
P1314,898,43,13
P1315,242,25,9
P1316,542,20,1
P1317,39,48,14
P1318,228,19,16
P1319,547,23,15
P1320,919,24,1
P1321,222,11,17
P1322,5,46,13
P1323,321,34,15
P1324,467,28,16
P1325,731,5,16
P1326,74,5,2
P1327,3,21,17
P1328,846,12,11
P1329,645,4,8
P1330,117,49,3
P1331,880,42,12
P1332,605,20,16
P1333,503,38,14
P1334,997,25,16
P1335,946,14,17
P1336,573,11,11
P1337,440,32,17
P1338,193,11,19
P1339,846,18,1
P1340,714,27,12
P1341,391,18,15
P1342,25,23,18
P1343,434,11,14
P1344,172,21,1
P1345,299,44,13
P1346,644,5,15
P1347,325,23,7
P1348,409,41,15
P1349,117,25,10
P1350,835,41,14
P1351,786,10,6
P1352,723,22,14
P1353,224,19,12
P1354,531,1,11
P1355,112,7,19
P1356,139,4,2
P1357,558,1,1
P1358,0,15,8
P1359,89,40,14
P1360,653,12,9
P1361,319,22,2
P1362,549,22,5
P1363,804,47,8
P1364,893,17,16
P1365,138,29,16
P1366,510,46,13
P1367,867,14,15
P1368,844,20,1
P1369,258,48,3
P1370,672,33,6
P1371,901,43,14
P1372,689,15,4
P1373,9,12,18
P1374,260,40,15
P1375,918,20,9
P1376,649,30,18
P1377,171,38,3
P1378,897,3,10
P1379,12,28,17
P1380,167,26,7
P1381,641,30,15
P1382,595,13,1
P1383,320,13,11
P1384,318,2,17
P1385,612,37,5
P1386,328,49,7
P1387,784,38,19
P1388,776,2,15
P1389,970,36,3
P1390,910,26,15
P1391,919,11,5
P1392,549,8,12
P1393,418,44,5
P1394,605,40,3
P1395,94,43,9
P1396,816,22,9
P1397,580,20,7
P1398,317,8,2
P1399,955,29,16
P1400,235,40,9
P1401,945,26,13
P1402,333,30,19
P1403,884,17,17
P1404,375,20,6
P1405,458,16,4
P1406,136,46,1
P1407,929,43,18
P1408,587,7,19
P1409,994,16,9
P1410,546,45,13
P1411,512,47,8
P1412,295,48,13
P1413,319,27,15
P1414,917,23,11
P1415,571,24,12
P1416,831,9,14
P1417,348,35,4
P1418,839,20,1
P1419,778,37,4
P1420,872,42,19
P1421,228,17,9
P1422,269,47,10
P1423,827,31,4
P1424,797,8,9
P1425,290,15,13
P1426,724,31,12
P1427,164,30,11
P1428,4,46,12
P1429,850,20,18
P1430,378,39,12
P1431,77,12,16
P1432,409,49,5
P1433,573,17,12
P1434,131,42,11
P1435,600,30,9
P1436,748,29,18
P1437,41,19,3
P1438,88,46,17
P1439,401,11,14
P1440,295,34,1
P1441,839,7,17
P1442,294,44,8
P1443,615,34,5
P1444,525,20,5
P1445,799,38,9
P1446,690,24,3
P1447,636,10,19
P1448,421,32,9
P1449,864,15,18
P1450,22,37,16
P1451,574,20,1
P1452,142,3,2
P1453,992,37,14
P1454,664,40,14
P1455,144,8,1
P1456,224,40,16
P1457,502,44,15
P1458,961,23,15
P1459,973,40,12
P1460,820,11,16
P1461,615,46,14
P1462,103,8,15
P1463,946,29,15
P1464,38,30,19
P1465,946,10,8
P1466,197,39,2
P1467,645,28,2
P1468,578,49,10
P1469,390,36,3
P1470,178,13,17
P1471,967,32,8
P1472,553,36,4
P1473,447,37,14
P1474,499,26,10
P1475,14,22,1
P1476,622,4,4
P1477,668,31,1
P1478,288,18,17
P1479,477,38,17
P1480,230,24,7
P1481,922,23,15
P1482,419,22,13
P1483,156,2,2
P1484,549,31,19
P1485,440,11,13
P1486,96,28,11
P1487,996,46,15
P1488,410,32,10
P1489,950,5,9
P1490,288,38,9
P1491,253,10,1
P1492,195,40,17
P1493,597,46,12
P1494,833,24,10
P1495,521,35,5
P1496,516,44,18
P1497,634,48,15
P1498,841,23,6
P1499,864,17,7
P1500,117,1,17
P1501,805,31,6
P1502,908,31,8
P1503,158,42,12
P1504,814,42,14
P1505,227,34,12
P1506,876,9,10
P1507,215,22,15
P1508,947,13,7
P1509,695,25,9
P1510,14,48,10
P1511,156,18,10
P1512,647,12,16
P1513,260,40,7
P1514,156,17,5
P1515,46,15,3
P1516,323,42,18
P1517,843,15,11
P1518,684,15,15
P1519,129,39,5
P1520,410,13,12
P1521,94,17,4
P1522,626,32,15
P1523,754,9,9
P1524,931,40,7
P1525,291,20,10
P1526,793,26,13
P1527,810,27,8
P1528,282,21,12
P1529,68,18,19
P1530,659,13,1
P1531,10,16,16
P1532,253,9,17
P1533,841,12,18
P1534,871,44,11
P1535,549,38,18
P1536,133,19,7
P1537,711,7,18
P1538,22,35,8
P1539,814,48,6
P1540,345,18,7
P1541,301,16,10
P1542,362,39,11
P1543,395,4,13
P1544,217,25,9
P1545,140,32,7
P1546,615,40,9
P1547,957,13,13
P1548,209,45,3
P1549,984,17,3
P1550,992,49,1
P1551,622,37,2
P1552,615,6,3
P1553,827,19,15
P1554,682,13,6
P1555,459,26,13
P1556,355,14,1
P1557,323,31,19
P1558,132,4,1
P1559,887,39,2
P1560,804,8,15
P1561,839,25,14
P1562,126,13,19
P1563,105,32,11
P1564,603,38,15
P1565,798,38,6
P1566,377,28,9
P1567,904,30,5
P1568,50,3,2
P1569,28,28,6
P1570,461,3,18
P1571,295,45,19
P1572,296,34,9
P1573,725,16,6
P1574,778,22,14
P1575,406,32,13
P1576,768,38,11
P1577,813,8,12
P1578,612,8,19
P1579,404,6,19
P1580,345,14,19
P1581,621,32,13
P1582,419,35,14
P1583,181,10,18
P1584,982,3,12
P1585,824,12,4
P1586,0,49,10
P1587,830,31,17
P1588,949,29,4
P1589,566,5,12
P1590,370,25,13
P1591,935,41,4
P1592,910,31,10
P1593,660,21,3
P1594,430,20,15
P1595,968,39,2
P1596,308,22,17
P1597,136,4,6
P1598,201,13,8
P1599,435,45,3
P1600,312,42,18
P1601,116,49,1
P1602,665,20,16
P1603,936,13,7
P1604,802,17,3
P1605,574,36,4
P1606,243,33,9
P1607,536,1,5
P1608,601,15,19
P1609,74,13,15
P1610,805,17,8
P1611,385,24,6
P1612,902,8,18
P1613,209,27,19
P1614,474,45,15
P1615,417,23,7
P1616,346,46,10
P1617,528,8,6
P1618,639,8,14
P1619,938,26,17
P1620,954,47,9
P1621,875,13,19
P1622,762,39,5
P1623,178,37,7
P1624,181,49,19
P1625,663,28,7
P1626,24,25,2
P1627,966,16,16
P1628,179,2,13
P1629,709,18,8
P1630,500,17,6
P1631,855,30,6
P1632,160,39,9
P1633,176,13,4
P1634,284,32,11
P1635,62,29,5
P1636,661,46,17
P1637,665,30,7
P1638,155,18,15
P1639,881,13,15
P1640,468,43,14
P1641,48,21,13
P1642,966,30,11
P1643,848,21,13
P1644,83,48,9
P1645,360,17,10
P1646,688,40,4
P1647,147,19,17
P1648,629,15,14
P1649,341,9,18
P1650,475,10,11
P1651,62,44,16
P1652,700,31,1
P1653,359,23,7
P1654,560,30,10
P1655,326,33,9
P1656,768,9,3
P1657,735,47,14
P1658,140,1,15
P1659,989,44,2
P1660,214,35,14
P1661,434,11,16
P1662,890,34,7
P1663,951,16,4
P1664,722,9,18
P1665,317,32,5
P1666,31,15,6
P1667,669,12,7
P1668,284,33,15
P1669,304,45,1
P1670,428,14,4
P1671,476,8,1
P1672,285,8,11
P1673,143,27,18
P1674,423,12,14
P1675,18,1,11
P1676,17,43,10
P1677,768,40,17
P1678,589,42,4
P1679,370,11,15
P1680,174,39,16
P1681,193,43,13
P1682,501,31,9
P1683,987,17,11
P1684,112,33,11
P1685,113,32,6
P1686,221,29,1
P1687,677,21,6
P1688,946,21,13
P1689,830,40,5
P1690,643,23,15
P1691,896,6,18
P1692,263,22,14
P1693,924,38,15
P1694,54,37,5
P1695,870,45,4
P1696,642,8,2
P1697,799,41,7
P1698,777,49,10
P1699,457,35,16
P1700,978,11,10
P1701,877,24,18
P1702,161,49,17
P1703,379,21,13
P1704,992,2,1
P1705,86,40,1
P1706,54,19,15
P1707,475,39,1
P1708,799,28,6
P1709,177,17,13
P1710,390,6,1
P1711,348,19,5
P1712,7,38,9
P1713,832,28,17
P1714,312,2,16
P1715,758,38,8
P1716,834,37,17
P1717,983,4,15
P1718,982,22,1
P1719,442,26,12
P1720,766,49,5
P1721,327,43,6
P1722,53,36,1
P1723,760,13,1
P1724,238,32,10
P1725,228,17,10
P1726,578,41,3
P1727,50,36,17
P1728,608,46,19
P1729,603,19,11
P1730,263,35,18
P1731,417,46,2
P1732,802,40,9
P1733,95,28,17
P1734,87,1,14
P1735,77,42,4
P1736,287,18,17
P1737,119,48,17
P1738,813,40,12
P1739,490,33,18
P1740,911,12,3
P1741,451,8,11
P1742,499,24,18
P1743,164,16,4
P1744,181,4,17
P1745,468,38,18
P1746,909,44,5
P1747,734,27,14
P1748,822,9,10
P1749,943,47,15
P1750,977,16,1
P1751,6,12,16
P1752,329,31,11
P1753,774,24,6
P1754,672,14,16
P1755,150,45,2
P1756,84,25,1
P1757,146,34,9
P1758,623,3,12
P1759,380,24,17
P1760,914,42,15
P1761,547,9,19
P1762,284,26,10
P1763,699,20,12
P1764,81,40,14
P1765,513,10,9
P1766,896,19,13
P1767,814,3,3
P1768,708,24,14
P1769,915,5,10
P1770,522,3,16
P1771,745,27,7
P1772,385,16,4
P1773,706,49,11
P1774,470,15,16
P1775,118,35,4
P1776,395,12,17
P1777,531,41,13
P1778,260,44,11
P1779,804,26,3
P1780,933,47,9
P1781,255,34,6
P1782,733,23,11
P1783,904,31,16
P1784,225,20,19
P1785,52,12,5
P1786,939,23,14
P1787,866,4,17
P1788,499,23,3
P1789,505,48,4
P1790,853,48,16
P1791,363,1,16
P1792,279,25,4
P1793,592,2,19
P1794,713,30,17
P1795,157,3,13
P1796,631,21,1
P1797,58,25,12
P1798,726,20,4
P1799,127,49,11
P1800,735,22,5
P1801,720,21,2
P1802,881,33,17
P1803,114,38,8
P1804,208,15,6
P1805,525,46,9
P1806,520,15,13
P1807,551,46,11
P1808,961,25,16
P1809,236,21,16
P1810,280,24,2
P1811,358,5,10
P1812,200,6,12
P1813,757,49,8
P1814,277,43,11
P1815,234,48,10
P1816,493,44,13
P1817,3,47,17
P1818,665,23,7
P1819,441,4,3
P1820,28,27,13
P1821,108,18,19
P1822,609,21,7
P1823,726,28,9
P1824,804,35,19
P1825,74,22,13
P1826,837,40,8
P1827,145,23,18
P1828,127,3,2
P1829,852,40,18
P1830,41,10,18
P1831,355,25,11
P1832,40,49,1
P1833,933,8,14
P1834,33,11,16
P1835,16,5,11
P1836,676,45,1
P1837,152,37,7
P1838,997,45,16
P1839,377,38,14
P1840,587,29,15
P1841,598,5,14
P1842,628,9,11
P1843,873,48,16
P1844,341,2,19
P1845,980,1,17
P1846,26,40,6
P1847,824,30,11
P1848,286,11,17
P1849,645,28,9
P1850,730,44,18
P1851,167,12,17
P1852,609,39,12
P1853,267,26,5
P1854,748,13,11
P1855,820,8,4
P1856,454,28,4
P1857,905,30,3
P1858,684,9,17
P1859,400,39,7
P1860,921,31,4
P1861,980,21,13
P1862,475,47,12
P1863,701,34,1
P1864,633,31,19
P1865,557,25,18
P1866,575,12,11
P1867,129,1,3
P1868,821,22,17
P1869,362,40,12
P1870,704,37,10
P1871,818,47,8
P1872,692,1,15
P1873,291,1,5
P1874,370,42,4
P1875,793,42,19
P1876,28,21,4
P1877,148,15,15
P1878,778,17,17
P1879,295,22,12
P1880,10,38,3
P1881,511,35,10
P1882,675,45,15
P1883,112,16,10
P1884,186,8,18
P1885,806,47,1
P1886,743,17,3
P1887,226,17,12
P1888,309,26,1
P1889,97,13,3
P1890,54,17,3
P1891,622,38,5
P1892,663,17,19
P1893,757,48,1
P1894,405,14,4
P1895,68,45,4
P1896,311,6,17
P1897,288,35,14
P1898,761,46,18
P1899,547,14,1
P1900,750,47,16
P1901,147,8,3
P1902,466,15,9
P1903,738,27,4
P1904,243,13,5
P1905,490,49,11
P1906,848,31,9
P1907,957,35,3
P1908,506,6,6
P1909,364,5,11
P1910,481,22,9
P1911,200,49,15
P1912,153,23,3
P1913,449,25,1
P1914,500,34,19
P1915,72,26,14
P1916,712,47,17
P1917,295,5,14
P1918,16,26,17
P1919,640,20,14
P1920,216,6,12
P1921,60,6,16
P1922,938,18,1
P1923,615,4,13
P1924,41,17,6
P1925,24,14,17
P1926,38,14,12
P1927,802,13,19
P1928,130,7,6
P1929,497,44,7
P1930,228,15,1
P1931,107,19,1
P1932,171,43,5
P1933,434,47,6
P1934,477,44,16
P1935,101,35,16
P1936,865,17,14
P1937,523,35,1
P1938,274,19,13
P1939,612,20,10
P1940,43,36,10
P1941,954,35,9
P1942,816,32,13
P1943,956,48,3
P1944,16,44,18
P1945,329,40,2
P1946,568,24,17
P1947,822,17,19
P1948,496,7,13
P1949,814,43,13
P1950,11,1,1
P1951,317,35,2
P1952,591,32,1
P1953,215,36,5
P1954,338,13,3
P1955,775,6,7
P1956,990,14,13
P1957,660,37,18
P1958,80,48,7
P1959,726,15,1
P1960,484,47,5
P1961,373,4,17
P1962,975,40,8
P1963,709,16,15
P1964,199,28,4
P1965,536,16,2
P1966,465,4,5
P1967,88,45,1
P1968,267,26,5
P1969,654,28,6
P1970,570,32,2
P1971,921,45,1
P1972,488,2,4
P1973,876,31,7
P1974,537,3,1
P1975,46,8,1
P1976,287,24,8
P1977,777,15,16
P1978,15,43,13
P1979,710,31,18
P1980,400,9,10
P1981,918,39,12
P1982,793,45,1
P1983,980,2,10
P1984,85,8,9
P1985,249,7,3
P1986,390,44,19
P1987,781,39,9
P1988,334,42,10
P1989,628,16,19
P1990,518,35,16
P1991,136,30,18
P1992,882,10,14
P1993,687,38,3
P1994,839,18,2
P1995,497,5,1
P1996,826,29,18
P1997,726,39,9
P1998,476,34,13
P1999,593,43,2
P2000,222,45,7
P2001,989,23,16
P2002,371,5,19
P2003,934,30,15
P2004,994,6,11
P2005,401,46,1
P2006,442,44,7
P2007,489,4,8
P2008,614,29,10
P2009,272,23,5
P2010,525,6,9
P2011,158,32,1
P2012,151,42,2
P2013,994,18,19
P2014,619,15,14
P2015,187,40,10
P2016,812,32,9
P2017,97,9,10
P2018,130,37,6
P2019,804,10,17
P2020,170,20,6
P2021,935,6,4
P2022,985,48,3
P2023,182,3,19
P2024,982,42,18
P2025,363,11,4
P2026,38,43,8
P2027,526,17,17
P2028,887,32,5
P2029,496,4,13
P2030,515,4,1
P2031,348,17,13
P2032,981,41,4
P2033,920,19,14
P2034,396,5,3
P2035,721,32,5
P2036,160,22,7
P2037,15,6,1
P2038,492,35,12
P2039,425,22,11
P2040,107,1,8
P2041,893,20,6
P2042,449,22,2
P2043,310,48,19
P2044,738,11,14
P2045,169,13,1
P2046,545,42,10
P2047,413,3,16
P2048,250,9,4
P2049,758,12,11
P2050,780,23,16
P2051,140,14,1
P2052,273,33,16
P2053,415,18,19
P2054,607,49,9
P2055,738,41,9
P2056,890,9,9
P2057,38,23,17
P2058,813,10,12
P2059,28,19,13
P2060,957,47,8
P2061,476,5,16
P2062,317,47,18
P2063,244,23,1
P2064,747,30,1
P2065,696,25,12
P2066,271,28,6
P2067,439,34,9
P2068,747,45,5
P2069,238,48,16
P2070,376,47,18
P2071,265,25,17
P2072,925,10,18
P2073,920,14,1
P2074,358,42,19
P2075,339,46,8
P2076,388,30,3
P2077,576,41,5
P2078,989,25,8
P2079,688,14,19
P2080,2,35,18
P2081,428,48,18
P2082,141,34,1
P2083,375,10,15
P2084,669,35,18
P2085,323,11,7
P2086,145,11,16
P2087,957,21,16
P2088,292,21,15
P2089,664,22,6
P2090,431,45,9
P2091,704,7,7
P2092,948,17,14
P2093,974,2,11
P2094,584,12,16
P2095,398,42,6
P2096,816,18,16
P2097,888,11,16
P2098,343,16,12
P2099,963,49,17
P2100,139,18,5
P2101,186,35,13
P2102,804,26,8
P2103,60,16,5
P2104,996,6,12
P2105,938,44,9
P2106,379,43,3
P2107,709,47,3
P2108,806,47,1
P2109,439,48,18
P2110,318,42,12
P2111,301,12,9
P2112,343,13,9
P2113,10,4,18
P2114,61,39,18
P2115,844,2,7
P2116,225,26,4
P2117,152,27,13
P2118,710,27,17
P2119,563,15,2
P2120,771,8,14
P2121,570,7,3
P2122,583,47,5
P2123,659,46,14
P2124,860,40,3
P2125,574,12,7
P2126,309,13,18
P2127,884,43,13
P2128,242,17,10
P2129,492,17,13
P2130,365,36,16
P2131,329,21,9
P2132,106,8,2
P2133,225,5,5
P2134,824,26,17
P2135,217,16,4
P2136,936,36,17
P2137,752,28,9
P2138,505,29,2
P2139,258,47,18
P2140,887,12,11
P2141,773,37,13
P2142,516,30,8
P2143,772,23,1
P2144,53,16,17
P2145,46,14,12
P2146,726,10,4
P2147,688,7,13
P2148,520,45,9
P2149,98,37,7
P2150,19,29,5
P2151,889,3,5
P2152,752,15,17
P2153,572,36,9
P2154,890,47,6
P2155,489,46,19
P2156,418,19,16
P2157,689,13,2
P2158,849,42,10
P2159,61,21,16
P2160,144,37,5
P2161,215,27,15
P2162,2,29,13
P2163,159,20,13
P2164,738,25,13
P2165,997,6,15
P2166,780,36,14
P2167,119,2,8
P2168,892,22,11
P2169,88,32,18
P2170,328,16,4
P2171,579,18,10
P2172,909,5,1
P2173,356,36,5
P2174,609,30,13
P2175,266,45,1
P2176,616,19,8
P2177,951,23,3
P2178,322,34,3
P2179,634,13,7
P2180,987,43,4
P2181,540,29,3
P2182,648,36,15
P2183,194,22,8
P2184,920,47,3
P2185,737,36,7
P2186,331,9,18
P2187,169,39,11
P2188,520,19,11
P2189,462,38,17
P2190,39,6,6
P2191,536,47,8
P2192,260,15,1
P2193,394,20,10
P2194,954,9,19
P2195,225,32,3
P2196,983,4,4
P2197,123,18,11
P2198,974,5,15
P2199,37,20,1
P2200,327,23,9
P2201,250,11,11
P2202,900,37,19
P2203,175,22,13
P2204,601,4,16
P2205,913,29,4
P2206,453,44,1
P2207,36,34,13
P2208,315,13,1
P2209,687,42,5
P2210,972,9,5
P2211,795,42,14
P2212,964,31,14
P2213,972,7,8
P2214,592,4,4
P2215,113,19,7
P2216,39,42,19
P2217,300,30,15
P2218,223,31,4
P2219,317,35,19
P2220,348,21,9
P2221,114,31,13
P2222,697,19,14
P2223,322,31,14
P2224,567,32,10
P2225,39,2,16
P2226,865,10,5
P2227,39,2,6
P2228,858,2,2
P2229,972,24,13
P2230,748,17,13
P2231,288,32,19
P2232,261,16,18
P2233,215,16,19
P2234,146,46,1
P2235,335,39,8
P2236,167,31,16
P2237,91,43,2
P2238,352,24,8
P2239,570,1,6
P2240,570,11,16
P2241,815,21,11
P2242,680,4,17
P2243,780,7,19
P2244,362,26,11
P2245,556,47,8
P2246,344,12,4
P2247,692,31,11
P2248,169,17,8
P2249,355,33,9
P2250,190,11,2
P2251,666,28,16
P2252,421,32,6
P2253,699,1,19
P2254,6,47,8
P2255,132,28,14
P2256,746,42,16
P2257,556,7,12
P2258,825,2,5
P2259,760,42,19
P2260,30,24,18
P2261,534,4,9
P2262,425,44,2
P2263,393,19,12
P2264,671,26,2
P2265,362,11,10
P2266,436,40,1
P2267,669,43,4
P2268,550,11,12
P2269,926,45,9
P2270,81,3,4
P2271,355,12,9
P2272,257,3,6
P2273,717,42,1
P2274,588,27,10
P2275,988,49,14
P2276,523,2,18
P2277,294,49,6
P2278,961,16,18
P2279,223,2,16
P2280,524,30,15
P2281,45,20,16
P2282,666,38,8
P2283,112,28,13
P2284,232,25,11
P2285,16,32,7
P2286,359,10,17
P2287,222,42,18
P2288,865,40,19
P2289,699,33,13
P2290,447,13,15
P2291,855,41,1
P2292,364,42,16
P2293,674,47,5
P2294,325,37,3
P2295,466,16,10
P2296,413,45,19
P2297,454,22,5
P2298,585,20,7
P2299,232,43,14
P2300,223,27,3
P2301,993,41,13
P2302,830,16,13
P2303,411,34,10
P2304,571,32,2
P2305,334,26,6
P2306,221,25,8
P2307,36,2,4
P2308,988,12,12
P2309,277,40,15
P2310,195,9,8
P2311,915,12,7
P2312,863,26,14
P2313,483,9,19
P2314,241,10,14
P2315,323,32,13
P2316,730,34,1
P2317,191,48,19
P2318,16,20,1
P2319,523,39,4
P2320,917,2,10
P2321,400,1,3
P2322,905,36,9
P2323,885,24,3
P2324,704,27,6
P2325,21,2,6
P2326,473,31,12
P2327,119,14,1
P2328,209,2,16
P2329,305,29,5
P2330,269,15,9
P2331,703,12,10
P2332,686,37,13
P2333,284,28,15
P2334,715,20,12
P2335,675,39,5
P2336,762,24,5
P2337,226,21,18
P2338,947,10,12
P2339,380,46,3
P2340,459,14,7
P2341,6,37,17
P2342,28,18,19
P2343,906,24,18
P2344,32,14,1
P2345,645,34,5
P2346,878,12,2
P2347,78,22,1
P2348,927,6,7
P2349,946,36,11
P2350,458,45,11
P2351,569,36,18
P2352,982,22,17
P2353,537,14,2
P2354,481,16,7
P2355,429,36,7
P2356,737,25,10
P2357,284,32,3
P2358,515,33,12
P2359,976,45,3
P2360,98,36,11
P2361,396,20,12
P2362,488,18,4
P2363,38,38,16
P2364,270,3,18
P2365,886,23,4
P2366,796,32,6
P2367,156,45,15
P2368,74,16,1
P2369,883,5,3
P2370,799,4,5
P2371,129,21,17
P2372,686,40,14
P2373,973,14,9
P2374,83,39,3
P2375,21,31,13
P2376,458,14,3
P2377,538,6,11
P2378,706,12,2
P2379,848,16,15
P2380,381,17,13
P2381,747,45,19
P2382,439,23,16
P2383,603,14,18
P2384,988,7,7
P2385,20,46,13
P2386,302,32,4
P2387,975,15,9
P2388,868,44,10
P2389,954,17,9
P2390,83,41,7
P2391,773,47,15
P2392,658,44,8
P2393,952,34,19
P2394,452,5,11
P2395,386,45,5
P2396,506,27,2
P2397,256,23,10
P2398,569,40,16
P2399,891,14,13
P2400,933,15,8
P2401,526,43,9
P2402,161,33,11
P2403,956,31,11
P2404,162,35,16
P2405,831,17,10
P2406,792,28,12
P2407,791,19,6
P2408,523,46,12
P2409,785,23,10
P2410,270,32,18
P2411,491,40,18
P2412,207,13,4
P2413,538,20,9
P2414,583,35,7
P2415,59,5,18
P2416,429,9,8
P2417,984,29,11
P2418,656,6,7
P2419,604,25,9
P2420,308,31,8
P2421,519,22,3
P2422,590,2,17
P2423,26,45,2
P2424,685,5,15
P2425,561,27,14
P2426,198,25,18
P2427,386,8,16
P2428,348,1,4
P2429,959,20,6
P2430,939,44,6
P2431,692,23,11
P2432,535,32,17
P2433,827,11,3
P2434,377,39,13
P2435,898,47,3
P2436,915,24,16
P2437,557,11,15
P2438,526,29,11
P2439,152,26,18
P2440,733,16,15
P2441,205,35,5
P2442,454,20,16
P2443,272,46,16
P2444,893,3,17
P2445,235,1,9
P2446,851,47,3
P2447,739,1,13
P2448,520,17,3
P2449,677,2,7
P2450,943,29,6
P2451,955,20,9
P2452,830,6,12
P2453,725,8,15
P2454,500,29,3
P2455,116,48,10
P2456,385,33,1
P2457,343,3,19
P2458,583,35,19
P2459,394,5,13
P2460,63,27,12
P2461,716,44,1
P2462,720,12,19
P2463,71,20,16
P2464,788,45,15
P2465,273,20,16
P2466,989,9,11
P2467,319,39,6
P2468,337,4,11
P2469,365,19,3
P2470,494,38,15
P2471,606,27,1
P2472,165,45,7
P2473,543,43,1
P2474,10,13,17
P2475,300,13,9
P2476,728,22,13
P2477,800,28,11
P2478,101,47,6
P2479,424,45,1
P2480,391,22,7
P2481,778,43,12
P2482,213,19,19
P2483,690,8,17
P2484,87,8,4
P2485,552,42,3
P2486,400,26,1
P2487,587,48,18
P2488,888,26,15
P2489,45,23,8
P2490,671,43,1
P2491,462,13,14
P2492,591,28,4
P2493,309,9,5
P2494,85,20,13
P2495,91,19,15
P2496,659,48,6
P2497,672,39,1
P2498,713,12,19
P2499,935,15,13
P2500,927,31,6
P2501,241,14,15
P2502,864,11,16
P2503,1,26,16
P2504,224,42,10
P2505,800,27,9
P2506,744,11,9
P2507,972,38,17
P2508,925,34,17
P2509,928,43,17
P2510,588,19,12
P2511,115,6,13
P2512,665,46,12
P2513,917,38,14
P2514,102,49,10
P2515,193,42,19
P2516,165,28,2
P2517,870,1,4
P2518,89,35,19
P2519,685,40,7
P2520,121,8,15
P2521,142,47,15
P2522,993,7,6
P2523,105,11,3
P2524,886,39,6
P2525,427,4,16
P2526,304,25,2
P2527,871,12,7
P2528,970,26,11
P2529,316,38,7
P2530,962,46,4
P2531,634,12,7
P2532,901,43,4
P2533,8,37,12
P2534,773,46,5
P2535,72,24,19
P2536,358,16,5
P2537,222,13,19
P2538,415,25,3
P2539,552,4,11
P2540,369,11,7
P2541,715,32,17
P2542,263,49,9
P2543,839,7,9
P2544,689,46,10
P2545,859,11,13
P2546,317,28,15
P2547,83,41,5
P2548,317,23,3
P2549,110,45,8
P2550,250,23,10
P2551,382,28,13
P2552,6,43,3
P2553,458,47,8
P2554,83,26,9
P2555,207,25,12
P2556,899,29,11
P2557,389,19,2
P2558,313,33,18
P2559,21,36,9
P2560,409,14,2
P2561,894,14,2
P2562,514,35,3
P2563,126,30,16
P2564,808,28,19
P2565,699,17,4
P2566,873,3,18
P2567,13,16,18
P2568,970,46,10
P2569,977,30,11
P2570,11,29,17
P2571,86,45,16
P2572,523,15,13
P2573,908,46,2
P2574,536,25,2
P2575,300,38,14
P2576,242,42,4
P2577,121,47,17
P2578,146,38,13
P2579,566,23,4
P2580,749,25,3
P2581,355,42,12
P2582,684,7,8
P2583,903,22,2
P2584,732,17,6
P2585,630,18,10
P2586,308,49,12
P2587,694,41,10
P2588,287,10,10
P2589,306,10,3
P2590,811,7,10
P2591,593,48,9
P2592,965,38,19
P2593,913,27,14
P2594,722,33,2
P2595,661,1,5
P2596,548,44,8
P2597,351,34,7
P2598,311,4,6
P2599,872,17,11
P2600,58,4,12
P2601,642,43,18
P2602,923,26,19
P2603,713,4,10
P2604,754,1,14
P2605,34,7,3
P2606,444,30,18
P2607,92,9,15
P2608,949,35,6
P2609,958,8,10
P2610,206,24,12
P2611,352,19,7
P2612,902,36,17
P2613,331,43,1
P2614,816,27,18
P2615,861,32,15
P2616,724,14,19
P2617,158,18,1
P2618,953,28,5
P2619,956,29,15
P2620,23,16,3
P2621,403,35,1
P2622,804,47,8
P2623,515,31,12
P2624,731,4,19
P2625,363,37,12
P2626,381,17,13
P2627,531,39,1
P2628,955,48,19
P2629,151,46,6
P2630,561,26,8
P2631,688,48,4
P2632,946,39,5
P2633,607,41,7
P2634,616,4,4
P2635,419,30,4
P2636,249,30,15
P2637,116,22,5
P2638,865,11,9
P2639,511,2,2
P2640,739,44,7
P2641,577,12,17
P2642,334,30,16
P2643,417,36,17
P2644,931,18,2
P2645,773,26,11
P2646,294,7,2
P2647,937,1,1
P2648,754,26,2
P2649,370,23,9
P2650,185,26,2
P2651,245,45,15
P2652,636,6,10
P2653,267,6,15
P2654,642,44,10
P2655,236,8,17
P2656,529,24,9
P2657,551,22,18
P2658,20,19,4
P2659,910,37,9
P2660,736,18,16
P2661,866,31,4
P2662,793,37,16
P2663,519,30,19
P2664,99,42,1
P2665,751,33,6
P2666,477,10,10
P2667,598,37,16
P2668,297,12,4
P2669,939,30,13
P2670,525,27,16
P2671,333,39,6
P2672,1,9,11
P2673,374,21,3
P2674,292,12,10
P2675,836,29,1
P2676,933,33,11
P2677,552,43,12
P2678,317,15,14
P2679,501,2,8
P2680,827,39,11
P2681,380,44,4
P2682,622,18,7
P2683,13,3,10
P2684,503,7,19
P2685,230,43,4
P2686,984,18,2
P2687,83,44,18
P2688,129,38,14
P2689,742,37,16
P2690,837,33,11
P2691,144,44,10
P2692,890,31,17
P2693,856,11,14
P2694,27,4,4
P2695,65,18,19
P2696,162,4,2
P2697,228,49,7
P2698,260,34,9
P2699,448,29,19
P2700,423,24,16
P2701,459,22,16
P2702,951,2,18
P2703,675,44,11
P2704,300,6,7
P2705,918,42,9
P2706,302,25,4
P2707,286,21,13
P2708,394,16,4
P2709,9,31,19
P2710,706,14,2
P2711,629,39,9
P2712,269,28,12
P2713,591,32,2
P2714,969,28,6
P2715,604,49,5
P2716,777,9,5
P2717,843,45,5
P2718,861,22,4
P2719,360,32,9
P2720,256,5,10
P2721,132,23,16
P2722,275,5,10
P2723,775,42,10
P2724,682,32,19
P2725,971,10,10
P2726,512,39,6
P2727,312,15,17
P2728,575,7,5
P2729,885,29,6
P2730,979,47,15
P2731,283,3,19
P2732,120,19,18
P2733,106,10,4
P2734,932,28,8
P2735,686,29,16
P2736,996,15,19
P2737,203,35,3
P2738,164,6,10
P2739,304,12,2
P2740,496,47,4
P2741,631,38,6
P2742,555,13,11
P2743,823,29,14
P2744,155,19,16
P2745,366,3,19
P2746,718,8,2
P2747,901,8,17
P2748,619,20,9
P2749,250,47,17
P2750,956,4,15
P2751,915,21,7
P2752,881,3,19
P2753,333,45,3
P2754,641,8,1
P2755,968,23,4
P2756,510,16,18
P2757,292,13,8
P2758,19,3,19
P2759,281,48,6
P2760,796,9,1
P2761,0,14,8
P2762,118,13,1
P2763,34,7,19
P2764,197,15,11
P2765,484,7,15
P2766,756,38,11
P2767,58,34,19
P2768,836,41,10
P2769,160,22,12
P2770,690,24,1
P2771,205,49,7
P2772,11,37,17
P2773,489,44,10
P2774,275,1,6
P2775,692,10,17
P2776,241,43,18
P2777,215,16,5
P2778,250,46,18
P2779,810,8,17
P2780,125,49,16
P2781,993,25,8
P2782,216,12,13
P2783,305,25,16
P2784,796,17,11
P2785,184,26,6
P2786,38,46,3
P2787,222,48,1
P2788,183,14,18
P2789,494,41,5
P2790,426,36,13
P2791,177,23,10
P2792,918,43,5
P2793,427,6,14
P2794,293,47,17
P2795,851,5,1
P2796,150,43,2
P2797,383,25,7
P2798,637,18,10
P2799,812,13,7
P2800,307,43,16
P2801,335,14,5
P2802,945,28,12
P2803,745,18,17
P2804,891,28,16
P2805,374,27,16
P2806,7,32,19
P2807,340,47,15
P2808,128,9,12
P2809,775,40,10
P2810,668,32,2
P2811,351,20,7
P2812,357,28,13
P2813,516,33,3
P2814,494,4,15
P2815,85,46,1
P2816,174,34,3
P2817,801,48,10
P2818,192,3,15
P2819,310,26,6
P2820,118,8,15
P2821,217,6,7
P2822,426,16,5
P2823,969,24,4
P2824,413,48,18
P2825,113,39,3
P2826,977,30,17
P2827,144,45,18
P2828,537,13,18
P2829,647,5,2
P2830,302,25,13
P2831,743,20,15
P2832,880,18,5
P2833,587,47,3
P2834,986,18,5
P2835,839,2,5
P2836,344,10,5
P2837,813,45,3
P2838,963,47,3
P2839,800,12,18
P2840,0,47,4
P2841,146,13,1
P2842,286,47,16
P2843,975,11,8
P2844,653,19,17
P2845,52,35,8
P2846,303,39,7
P2847,68,26,8
P2848,360,46,12
P2849,601,14,16
P2850,957,45,12
P2851,219,44,19
P2852,961,24,10
P2853,703,41,7
P2854,965,1,12
P2855,574,43,5
P2856,584,22,16
P2857,160,23,9
P2858,680,19,7
P2859,88,18,14
P2860,687,12,11
P2861,780,28,7
P2862,584,28,10
P2863,756,33,9
P2864,588,19,4
P2865,158,28,16
P2866,488,49,10
P2867,970,37,19
P2868,323,26,17
P2869,609,35,9
P2870,380,34,13
P2871,101,35,1
P2872,493,40,2
P2873,643,16,13
P2874,613,38,9
P2875,18,13,7
P2876,453,23,16
P2877,481,22,19
P2878,593,16,7
P2879,396,28,6
P2880,278,48,18
P2881,850,35,19
P2882,364,45,11
P2883,330,46,12
P2884,640,8,10
P2885,343,44,13
P2886,821,22,12
P2887,454,21,10
P2888,600,26,18
P2889,724,40,4
P2890,654,21,5
P2891,64,25,5
P2892,75,41,12
P2893,710,1,3
P2894,142,6,8
P2895,916,23,2
P2896,914,23,18
P2897,827,43,9
P2898,604,43,13
P2899,472,23,7
P2900,416,32,10
P2901,304,30,9
P2902,735,13,15
P2903,496,43,5
P2904,290,18,12
P2905,939,23,1
P2906,101,15,12
P2907,985,33,6
P2908,266,21,19
P2909,866,39,19
P2910,967,23,16
P2911,621,27,19
P2912,973,45,3
P2913,841,44,10
P2914,961,18,18
P2915,941,24,13
P2916,776,47,18
P2917,2,40,3
P2918,84,42,3
P2919,793,7,12
P2920,327,48,7
P2921,815,20,8
P2922,449,27,9
P2923,453,6,14
P2924,923,27,5
P2925,628,9,19
P2926,220,45,16
P2927,153,31,12
P2928,664,21,4
P2929,11,26,8
P2930,132,40,7
P2931,993,48,15
P2932,303,45,6
P2933,292,13,5
P2934,974,49,14
P2935,299,23,13
P2936,739,20,10
P2937,782,37,18
P2938,42,28,4
P2939,943,17,8
P2940,342,28,11
P2941,325,41,17
P2942,813,2,18
P2943,497,25,11
P2944,363,41,16
P2945,890,6,12
P2946,426,11,13
P2947,20,38,16
P2948,406,6,1
P2949,618,45,16
P2950,335,11,15
P2951,814,14,6
P2952,116,2,12
P2953,123,40,8
P2954,398,3,7
P2955,792,35,2
P2956,803,33,12
P2957,714,24,14
P2958,50,19,16
P2959,782,18,11
P2960,323,49,9
P2961,788,24,10
P2962,140,45,17
P2963,469,35,12
P2964,786,1,6
P2965,801,36,19
P2966,333,25,11
P2967,892,45,9
P2968,963,49,6
P2969,372,43,16
P2970,563,34,16
P2971,493,25,6
P2972,538,16,5
P2973,668,34,4
P2974,750,29,2
P2975,155,19,6
P2976,290,23,9
P2977,647,19,17
P2978,143,25,14
P2979,105,16,7
P2980,419,9,19
P2981,669,1,1
P2982,657,42,15
P2983,1,19,18
P2984,944,33,3
P2985,588,34,18
P2986,643,16,2
P2987,89,44,10
P2988,344,40,11
P2989,349,18,3
P2990,458,34,7
P2991,262,25,8
P2992,350,45,19
P2993,107,6,18
P2994,585,21,13
P2995,38,6,13
P2996,908,32,19
P2997,158,41,12
P2998,582,48,17
P2999,958,43,12
P3000,311,39,13
P3001,240,31,12
P3002,937,42,19
P3003,444,10,14
P3004,297,30,7
P3005,951,18,13
P3006,35,24,6
P3007,83,9,19
P3008,451,31,19
P3009,885,15,4
P3010,774,4,19
P3011,821,40,9
P3012,384,9,16
P3013,171,45,4
P3014,375,9,6
P3015,684,26,8
P3016,361,4,16
P3017,558,17,5
P3018,890,16,10
P3019,140,15,13
P3020,886,35,14
P3021,917,5,7
P3022,117,5,6
P3023,276,20,7
P3024,725,15,5
P3025,219,18,18
P3026,904,47,12
P3027,25,2,6
P3028,520,29,1
P3029,782,13,4
P3030,9,4,19
P3031,983,42,12
P3032,377,45,15
P3033,632,10,3
P3034,636,31,8
P3035,681,41,11
P3036,583,8,16
P3037,151,3,9
P3038,719,48,3
P3039,48,46,5
P3040,153,9,14
P3041,858,30,15
P3042,292,11,6
P3043,579,35,4
P3044,49,37,8
P3045,663,42,19
P3046,530,13,5
P3047,611,36,13
P3048,59,13,16
P3049,166,12,1
P3050,201,37,13
P3051,856,10,11
P3052,145,9,8
P3053,914,7,8
P3054,675,2,14
P3055,969,23,13
P3056,992,39,3
P3057,438,40,4
P3058,241,39,15
P3059,580,21,15
P3060,686,23,13
P3061,560,29,9
P3062,482,14,10
P3063,107,26,12
P3064,225,5,14
P3065,672,31,1
P3066,630,25,14
P3067,660,31,14
P3068,976,20,8
P3069,661,44,16
P3070,431,17,14
P3071,804,45,1
P3072,654,2,16
P3073,418,25,18
P3074,987,13,7
P3075,454,39,15
P3076,159,28,17
P3077,522,42,19
P3078,649,6,13
P3079,968,3,9
P3080,589,35,15
P3081,76,18,3
P3082,508,11,1
P3083,440,20,16
P3084,253,5,8
P3085,920,19,13
P3086,769,22,8
P3087,319,19,17
P3088,802,47,14
P3089,262,16,7
P3090,596,24,15
P3091,657,41,16
P3092,834,4,19
P3093,553,15,6
P3094,373,25,1
P3095,636,44,12
P3096,166,35,18
P3097,936,14,16
P3098,752,49,12
P3099,458,19,13
P3100,998,38,8
P3101,279,36,1
P3102,699,7,7
P3103,301,30,15
P3104,530,19,13
P3105,579,49,13
P3106,217,25,9
P3107,101,16,15
P3108,553,47,4
P3109,287,40,13
P3110,166,8,12
P3111,620,18,5
P3112,35,28,7
P3113,743,16,8
P3114,740,19,5
P3115,352,42,9
P3116,675,17,14
P3117,898,45,12
P3118,72,13,4
P3119,647,7,8
P3120,352,27,17
P3121,890,10,8
P3122,69,34,1
P3123,424,36,2
P3124,998,25,4
P3125,707,6,1
P3126,780,24,7
P3127,560,18,1
P3128,827,23,9
P3129,641,6,3
P3130,955,29,12
P3131,516,25,19
P3132,427,17,15
P3133,538,46,16
P3134,159,24,10
P3135,148,11,6
P3136,775,26,17
P3137,229,34,17
P3138,711,28,19
P3139,561,3,18
P3140,66,11,11
P3141,811,38,7
P3142,380,14,10
P3143,57,26,7
P3144,258,48,5
P3145,341,21,12
P3146,837,39,16
P3147,129,30,18
P3148,726,8,3
P3149,171,20,15
P3150,769,48,5
P3151,613,32,13
P3152,208,22,19
P3153,802,7,12
P3154,353,9,5
P3155,470,45,6
P3156,797,1,7
P3157,115,29,10
P3158,263,8,16
P3159,661,4,8
P3160,811,35,9
P3161,441,3,4
P3162,547,45,8
P3163,452,40,7
P3164,844,7,15
P3165,476,27,3
P3166,286,1,17
P3167,302,27,11
P3168,310,16,9
P3169,207,38,5
P3170,617,7,10
P3171,445,44,15
P3172,669,23,14
P3173,632,41,4
P3174,54,11,2
P3175,911,42,12
P3176,11,33,1
P3177,656,36,5
P3178,399,37,6
P3179,907,41,11
P3180,647,17,8
P3181,979,35,7
P3182,514,48,4
P3183,655,5,6
P3184,541,48,16
P3185,236,32,15
P3186,278,3,14
P3187,347,47,12
P3188,626,35,12
P3189,103,14,16
P3190,629,48,15
P3191,516,31,13
P3192,979,31,11
P3193,871,17,17
P3194,247,24,15
P3195,363,23,14
P3196,320,18,10
P3197,632,14,12
P3198,285,15,16
P3199,148,15,15
P3200,83,6,10
P3201,965,27,4
P3202,405,15,9
P3203,977,36,9
P3204,455,8,11
P3205,742,15,11
P3206,799,3,7
P3207,160,47,10
P3208,783,13,4
P3209,459,41,5
P3210,549,34,5
P3211,499,24,11
P3212,737,40,9
P3213,508,32,16
P3214,653,32,9
P3215,803,30,4
P3216,480,49,2
P3217,662,13,14
P3218,113,1,3
P3219,748,34,18
P3220,577,15,6
P3221,360,44,11
P3222,340,14,18
P3223,769,29,12
P3224,986,34,5
P3225,760,18,9
P3226,968,7,18
P3227,448,29,19
P3228,842,31,3
P3229,834,25,9
P3230,179,38,4
P3231,701,14,17
P3232,406,8,17
P3233,665,27,2
P3234,195,2,9
P3235,465,17,9
P3236,310,37,5
P3237,261,14,15
P3238,418,25,15
P3239,405,30,3
P3240,938,29,19
P3241,142,20,3
P3242,341,21,6
P3243,315,22,4
P3244,100,35,13
P3245,243,37,13
P3246,489,16,11
P3247,11,49,5
P3248,238,43,1
P3249,560,17,9
P3250,41,16,17
P3251,677,2,1
P3252,593,4,3
P3253,428,21,15
P3254,802,39,10
P3255,157,34,8
P3256,215,30,12
P3257,669,6,15
P3258,461,17,9
P3259,133,39,10
P3260,66,25,9
P3261,847,5,15
P3262,6,5,1
P3263,947,20,2
P3264,525,16,19
P3265,72,41,14
P3266,398,37,8
P3267,404,40,6
P3268,674,9,12
P3269,577,5,15
P3270,858,42,14
P3271,129,2,1
P3272,930,9,11
P3273,465,43,3
P3274,205,36,19
P3275,787,22,18
P3276,977,22,2
P3277,767,22,7
P3278,265,34,8
P3279,536,29,19
P3280,961,38,15
P3281,792,46,10
P3282,252,33,1
P3283,821,18,6
P3284,288,7,13
P3285,163,1,14
P3286,94,33,3
P3287,781,1,11
P3288,832,24,3
P3289,109,4,19
P3290,335,4,10
P3291,821,18,15
P3292,237,27,11
P3293,380,43,15
P3294,435,32,13
P3295,898,33,5
P3296,482,28,4
P3297,936,42,13
P3298,901,41,9
P3299,24,36,17
P3300,652,6,2
P3301,116,16,5
P3302,481,34,16
P3303,391,23,7
P3304,916,42,1
P3305,993,24,12
P3306,963,49,11
P3307,536,13,12
P3308,78,18,19
P3309,579,13,12
P3310,172,49,12
P3311,955,37,14
P3312,11,43,2
P3313,799,39,2
P3314,127,42,4
P3315,607,17,16
P3316,91,15,10
P3317,652,18,13
P3318,542,23,2
P3319,845,30,3
P3320,531,34,19
P3321,657,4,6
P3322,988,3,19
P3323,827,7,19
P3324,446,18,8
P3325,389,42,14
P3326,671,7,10
P3327,860,40,3
P3328,42,6,6
P3329,253,22,15
P3330,129,1,18
P3331,59,4,14
P3332,662,46,19
P3333,466,49,10
P3334,286,43,15
P3335,516,29,4
P3336,466,21,2
P3337,929,26,3
P3338,777,14,7
P3339,344,9,16
P3340,641,47,10
P3341,381,12,19
P3342,778,42,17
P3343,689,6,19
P3344,252,20,5
P3345,926,24,13
P3346,55,27,13
P3347,462,38,11
P3348,456,8,11
P3349,982,1,16
P3350,82,49,15
P3351,904,49,17
P3352,98,24,18
P3353,148,47,19
P3354,328,7,4
P3355,155,19,5
P3356,189,22,7
P3357,493,35,2
P3358,882,30,1
P3359,262,29,12
P3360,79,22,10
P3361,399,11,8
P3362,763,20,1
P3363,608,29,12
P3364,259,41,2
P3365,771,42,10
P3366,614,34,17
P3367,551,1,3
P3368,784,31,7
P3369,100,30,12
P3370,358,48,8
P3371,379,18,12
P3372,819,17,3
P3373,220,38,17
P3374,819,14,9
P3375,419,23,10
P3376,123,25,6
P3377,421,15,1
P3378,230,46,12
P3379,689,22,5
P3380,62,3,13
P3381,484,19,15
P3382,627,44,11
P3383,702,34,8
P3384,573,35,5
P3385,767,1,2
P3386,482,21,12
P3387,518,29,2
P3388,154,6,16
P3389,91,37,3
P3390,981,1,10
P3391,525,1,19
P3392,454,27,8
P3393,740,21,7
P3394,597,16,1
P3395,644,44,12
P3396,509,40,5
P3397,182,26,16
P3398,385,16,4
P3399,573,28,17
P3400,730,1,2
P3401,404,36,12
P3402,245,10,1
P3403,741,43,12
P3404,590,17,12
P3405,660,23,12
P3406,649,7,19
P3407,470,44,17
P3408,825,7,11
P3409,887,44,13
P3410,422,15,8
P3411,900,34,10
P3412,64,46,8
P3413,12,45,8
P3414,212,4,9
P3415,985,14,7
P3416,241,14,14
P3417,492,16,2
P3418,212,7,11
P3419,692,32,8
P3420,337,19,13
P3421,996,2,15
P3422,172,10,3
P3423,671,17,14
P3424,163,37,15
P3425,464,12,2
P3426,994,6,19
P3427,496,22,12
P3428,699,32,4
P3429,394,41,3
P3430,702,20,5
P3431,916,1,3
P3432,307,47,15
P3433,767,6,19
P3434,182,19,2
P3435,628,18,12
P3436,793,6,5
P3437,509,45,17
P3438,707,33,14
P3439,545,23,10
P3440,563,23,3
P3441,623,26,4
P3442,763,13,6
P3443,593,7,16
P3444,743,15,7
P3445,226,44,15
P3446,744,27,11
P3447,732,26,1
P3448,435,33,5
P3449,924,15,13
P3450,421,36,14
P3451,553,45,9
P3452,20,27,17
P3453,553,5,15
P3454,396,2,7
P3455,624,33,12
P3456,104,16,6
P3457,191,23,16
P3458,16,38,5
P3459,119,16,9
P3460,392,14,14
P3461,424,29,8
P3462,128,26,14
P3463,129,35,12
P3464,571,15,10
P3465,559,3,13
P3466,28,23,19
P3467,96,29,15
P3468,9,34,8
P3469,241,33,10
P3470,825,41,3
P3471,955,41,3
P3472,231,23,5
P3473,788,7,16
P3474,283,3,17
P3475,714,32,6
P3476,758,31,16
P3477,801,18,2
P3478,775,43,15
P3479,954,7,18
P3480,725,41,1
P3481,199,1,19
P3482,944,14,12
P3483,78,32,8
P3484,912,6,6
P3485,955,39,12
P3486,854,10,7
P3487,855,7,18
P3488,172,26,14
P3489,466,34,8
P3490,580,30,14
P3491,415,36,5
P3492,939,21,9
P3493,448,17,8
P3494,86,33,2
P3495,100,10,16
P3496,7,47,13
P3497,844,42,7
P3498,199,12,16
P3499,504,16,7
P3500,86,41,14
P3501,42,32,14
P3502,384,15,12
P3503,620,27,1
P3504,434,28,1
P3505,407,17,12
P3506,482,46,15
P3507,663,2,4
P3508,16,36,7
P3509,644,7,16
P3510,147,13,3
P3511,276,15,7
P3512,231,25,6
P3513,825,23,16
P3514,926,22,8
P3515,365,26,6
P3516,227,33,10
P3517,650,11,16
P3518,435,10,11
P3519,398,25,13
P3520,210,37,6
P3521,390,48,1
P3522,498,43,19
P3523,539,38,12
P3524,562,41,6
P3525,490,45,18
P3526,441,24,13
P3527,260,40,7
P3528,772,46,13
P3529,349,33,8
P3530,351,17,17
P3531,519,24,9
P3532,319,37,13
P3533,137,2,2
P3534,549,32,4
P3535,622,24,2
P3536,991,9,4
P3537,367,4,18
P3538,219,17,5
P3539,336,17,19
P3540,222,48,10
P3541,647,30,18
P3542,767,40,10
P3543,359,11,5
P3544,920,21,17
P3545,328,21,13
P3546,961,18,17
P3547,462,29,9
P3548,945,24,12
P3549,962,10,14
P3550,560,45,14
P3551,803,17,8
P3552,381,18,5
P3553,835,42,19
P3554,589,48,14
P3555,616,20,9
P3556,168,37,7
P3557,216,45,8
P3558,377,18,14
P3559,118,17,14
P3560,189,9,11
P3561,766,14,14
P3562,369,49,8
P3563,777,29,3
P3564,148,31,18
P3565,675,4,3
P3566,651,18,13
P3567,858,20,12
P3568,487,47,15
P3569,769,43,18
P3570,373,44,5
P3571,780,9,7
P3572,692,13,11
P3573,159,15,11
P3574,350,27,15
P3575,911,15,10
P3576,287,28,15
P3577,287,37,13
P3578,891,19,14
P3579,225,26,17
P3580,522,26,13
P3581,521,25,10
P3582,782,26,1
P3583,272,26,1
P3584,935,46,15
P3585,401,28,16
P3586,182,49,12
P3587,968,18,6
P3588,664,32,6
P3589,487,3,12
P3590,826,2,15
P3591,845,33,4
P3592,123,42,4
P3593,984,19,2
P3594,625,17,12
P3595,789,44,7
P3596,413,33,9
P3597,979,12,9
P3598,724,49,8
P3599,171,3,14
P3600,287,43,1
P3601,434,49,12
P3602,685,26,2
P3603,112,35,13
P3604,887,8,4
P3605,916,36,18
P3606,994,7,19
P3607,121,46,16
P3608,543,46,14
P3609,221,36,8
P3610,630,16,12
P3611,38,24,9
P3612,496,1,6
P3613,779,49,18
P3614,232,25,2
P3615,942,10,8
P3616,529,16,14
P3617,148,16,6
P3618,396,8,10
P3619,660,29,8
P3620,637,39,17
P3621,903,28,12
P3622,301,6,17
P3623,359,16,13
P3624,237,20,19
P3625,646,16,12
P3626,662,7,16
P3627,235,41,5
P3628,735,14,16
P3629,202,43,6
P3630,255,26,11
P3631,597,26,17
P3632,661,14,14
P3633,234,7,6
P3634,344,33,11
P3635,533,26,12
P3636,859,45,13
P3637,796,20,4
P3638,780,3,7
P3639,465,4,2
P3640,769,26,6
P3641,540,11,6
P3642,212,2,18
P3643,462,14,8
P3644,435,44,8
P3645,282,30,8
P3646,561,49,8
P3647,606,12,1
P3648,462,26,2
P3649,406,44,12
P3650,87,33,15
P3651,43,13,4
P3652,460,14,3
P3653,277,24,14
P3654,682,34,8
P3655,420,44,13
P3656,700,26,19
P3657,352,21,5
P3658,695,28,13
P3659,514,48,1
P3660,702,36,16
P3661,629,40,2
P3662,18,2,7
P3663,22,42,6
P3664,412,9,5
P3665,29,23,4
P3666,806,15,2
P3667,107,13,10
P3668,366,23,5
P3669,280,17,18
P3670,127,48,10
P3671,228,2,15
P3672,110,20,9
P3673,135,20,11
P3674,361,46,17
P3675,185,3,9
P3676,655,12,16
P3677,583,40,6
P3678,128,2,11
P3679,875,36,17
P3680,260,14,4
P3681,514,16,15
P3682,448,19,1
P3683,899,34,1
P3684,103,44,9
P3685,482,46,12
P3686,223,6,4
P3687,831,13,13
P3688,873,36,7
P3689,865,22,8
P3690,490,18,13
P3691,472,12,11
P3692,9,30,9
P3693,404,40,16
P3694,895,7,10
P3695,301,32,11
P3696,230,48,12
P3697,730,19,14
P3698,922,6,19
P3699,65,20,12
P3700,936,27,18
P3701,111,43,17
P3702,12,37,3
P3703,392,48,1
P3704,499,7,19
P3705,931,5,4
P3706,597,11,16
P3707,233,15,12
P3708,601,3,13
P3709,313,5,17
P3710,565,23,8
P3711,11,37,13
P3712,208,9,5
P3713,973,15,18
P3714,13,3,15
P3715,632,29,12
P3716,417,6,17
P3717,436,17,15
P3718,376,26,2
P3719,19,21,6
P3720,586,8,17
P3721,911,21,16
P3722,754,11,17
P3723,734,38,9
P3724,69,8,5
P3725,823,42,1
P3726,210,24,6
P3727,100,35,14
P3728,697,14,17
P3729,131,14,19
P3730,622,10,1
P3731,380,12,1
P3732,131,38,13
P3733,19,44,14
P3734,905,46,6
P3735,535,34,6
P3736,226,41,1
P3737,153,10,14
P3738,804,17,3
P3739,741,17,10
P3740,468,3,19
P3741,821,31,19
P3742,999,1,19
P3743,870,12,4
P3744,404,39,19
P3745,201,4,10
P3746,37,42,2
P3747,941,13,4
P3748,771,34,6
P3749,187,42,7
P3750,56,21,16
P3751,940,22,7
P3752,19,4,18
P3753,272,18,19
P3754,118,5,9
P3755,582,19,10
P3756,515,2,13
P3757,220,12,18
P3758,525,17,16
P3759,514,10,17
P3760,727,34,13
P3761,740,6,12
P3762,335,8,10
P3763,697,11,1
P3764,54,12,8
P3765,499,9,18
P3766,899,2,2
P3767,887,8,16
P3768,765,11,12
P3769,535,36,9
P3770,161,10,3
P3771,669,21,4
P3772,593,20,2
P3773,914,48,8
P3774,158,8,10
P3775,187,36,16
P3776,59,29,11
P3777,914,42,18
P3778,816,12,14
P3779,318,14,8
P3780,877,48,15
P3781,210,21,17
P3782,405,22,18
P3783,663,21,6
P3784,108,44,14
P3785,75,30,3
P3786,541,39,7
P3787,313,20,15
P3788,997,24,16
P3789,116,23,16
P3790,926,7,8
P3791,867,9,7
P3792,703,1,6
P3793,18,26,2
P3794,431,38,13
P3795,684,38,12
P3796,739,44,15
P3797,349,22,9
P3798,182,44,2
P3799,112,10,17
P3800,182,6,5
P3801,480,17,11
P3802,145,38,19
P3803,830,24,7
P3804,627,10,2
P3805,112,8,16
P3806,762,21,12
P3807,475,6,15
P3808,762,21,1
P3809,302,39,13
P3810,970,24,6
P3811,824,33,13
P3812,117,18,18
P3813,812,28,3
P3814,160,32,1
P3815,400,12,15
P3816,197,48,13
P3817,259,42,5
P3818,659,27,13
P3819,751,10,5
P3820,46,46,19
P3821,986,42,18
P3822,398,32,10
P3823,709,42,8
P3824,558,26,15
P3825,77,25,4
P3826,123,11,2
P3827,74,23,6
P3828,870,34,3
P3829,136,40,7
P3830,601,23,10
P3831,399,29,6
P3832,836,31,16
P3833,504,7,2
P3834,499,40,17
P3835,572,33,13
P3836,137,21,1
P3837,49,2,6
P3838,770,18,5
P3839,972,47,13
P3840,618,33,18
P3841,624,37,12
P3842,861,34,7
P3843,253,20,15
P3844,629,35,3
P3845,709,18,16
P3846,848,46,1
P3847,876,24,16
P3848,562,8,12
P3849,756,30,19
P3850,914,44,8
P3851,425,10,12
P3852,546,23,15
P3853,301,49,2
P3854,921,11,17
P3855,580,2,7
P3856,348,26,13
P3857,831,36,1
P3858,932,33,6
P3859,979,47,13
P3860,48,13,11
P3861,916,40,10
P3862,73,25,16
P3863,703,4,17
P3864,260,42,17
P3865,355,19,4
P3866,581,18,5
P3867,601,37,14
P3868,259,30,10
P3869,637,19,14
P3870,742,23,1
P3871,294,16,11
P3872,930,1,18
P3873,640,12,16
P3874,791,24,18
P3875,312,34,8
P3876,611,8,10
P3877,837,18,10
P3878,808,48,5
P3879,181,5,10
P3880,685,26,18
P3881,827,30,6
P3882,363,13,3
P3883,187,19,8
P3884,568,29,9
P3885,542,3,5
P3886,595,26,2
P3887,663,40,2
P3888,984,12,7
P3889,547,2,17
P3890,724,11,10
P3891,925,44,12
P3892,407,28,2
P3893,875,18,10
P3894,617,13,1
P3895,413,37,4
P3896,341,22,13
P3897,219,12,12
P3898,902,2,11
P3899,162,37,10
P3900,950,7,15
P3901,219,26,5
P3902,269,26,17
P3903,631,24,5
P3904,905,12,2
P3905,847,16,9
P3906,399,23,6
P3907,181,40,18
P3908,990,9,14
P3909,617,32,19
P3910,728,15,14
P3911,204,37,8
P3912,581,13,17
P3913,555,5,3
P3914,840,11,10
P3915,812,10,17
P3916,227,13,11
P3917,695,41,8
P3918,618,46,1
P3919,595,15,13
P3920,849,42,4
P3921,249,7,7
P3922,874,40,14
P3923,440,28,5
P3924,532,32,11
P3925,195,35,17
P3926,689,15,5
P3927,928,48,3
P3928,986,36,5
P3929,518,21,15
P3930,69,6,19
P3931,638,1,16
P3932,398,4,8
P3933,977,11,13
P3934,671,44,16
P3935,759,26,3
P3936,202,37,1
P3937,147,23,9
P3938,471,29,9
P3939,654,21,17
P3940,943,48,2
P3941,198,45,9
P3942,916,45,19
P3943,425,49,13
P3944,665,27,5
P3945,491,39,9
P3946,887,40,13
P3947,895,13,1
P3948,141,23,15
P3949,312,16,4
P3950,164,30,4
P3951,313,4,10
P3952,20,40,6
P3953,81,16,12
P3954,580,31,16
P3955,130,42,3
P3956,598,25,14
P3957,729,44,1
P3958,932,12,10
P3959,983,26,15
P3960,304,37,7
P3961,914,48,4
P3962,370,33,14
P3963,856,28,16
P3964,852,9,14
P3965,383,12,3
P3966,907,5,17
P3967,444,28,14
P3968,424,35,18
P3969,160,5,3
P3970,177,34,19
P3971,628,46,3
P3972,707,34,12
P3973,894,13,5
P3974,489,39,10
P3975,326,42,9
P3976,597,45,1
P3977,288,48,13
P3978,592,14,3
P3979,663,11,19
P3980,572,42,11
P3981,572,38,16
P3982,353,4,6
P3983,27,33,3
P3984,953,7,19
P3985,42,41,6
P3986,680,8,8
P3987,422,37,13
P3988,597,10,12
P3989,176,43,10
P3990,528,15,3
P3991,609,38,4
P3992,965,15,1
P3993,493,5,13
P3994,197,29,4
P3995,609,19,11
P3996,576,10,19
P3997,841,12,11
P3998,852,4,12
P3999,516,31,11
P4000,513,18,6
P4001,21,16,12
P4002,111,40,9
P4003,56,36,10
P4004,65,25,3
P4005,841,23,3
P4006,97,12,16
P4007,143,34,3
P4008,879,36,10
P4009,434,37,11
P4010,636,3,8
P4011,678,9,6
P4012,85,18,11
P4013,587,43,12
P4014,343,35,16
P4015,935,34,18
P4016,293,41,13
P4017,955,14,3
P4018,570,4,15
P4019,649,29,14
P4020,610,41,18
P4021,703,45,14
P4022,242,15,5
P4023,830,28,14
P4024,560,42,8
P4025,959,16,15
P4026,31,12,15
P4027,390,5,19
P4028,276,34,6
P4029,531,42,19
P4030,153,1,8
P4031,382,39,6
P4032,67,32,15
P4033,877,26,3
P4034,883,17,10
P4035,213,48,15
P4036,654,27,16
P4037,375,24,17
P4038,743,35,19
P4039,212,46,11
P4040,78,42,16
P4041,725,39,5
P4042,627,26,5
P4043,603,49,14
P4044,781,38,18
P4045,922,23,8
P4046,380,22,5
P4047,679,4,7
P4048,57,49,16
P4049,795,9,14
P4050,25,4,5
P4051,880,7,9
P4052,446,23,4
P4053,65,2,4
P4054,920,49,16
P4055,759,24,17
P4056,253,40,15
P4057,898,31,4
P4058,967,47,6
P4059,43,31,16
P4060,96,47,4
P4061,553,40,6
P4062,226,48,5
P4063,773,43,16
P4064,678,34,16
P4065,435,24,10
P4066,790,49,9
P4067,600,26,4
P4068,378,16,14
P4069,177,47,4
P4070,426,13,12
P4071,914,15,10
P4072,708,27,4
P4073,306,4,18
P4074,778,16,13
P4075,503,30,13
P4076,267,44,14
P4077,585,30,18
P4078,7,36,1
P4079,919,3,16
P4080,507,22,15
P4081,475,49,5
P4082,296,22,6
P4083,163,49,6
P4084,484,12,3
P4085,596,21,16
P4086,71,4,12
P4087,566,31,4
P4088,904,44,1
P4089,558,31,4
P4090,910,23,1
P4091,943,20,8
P4092,237,15,5
P4093,103,23,2
P4094,209,28,12
P4095,553,16,17
P4096,827,37,7
P4097,467,21,11
P4098,453,15,4
P4099,267,17,5
P4100,385,37,6
P4101,774,13,11
P4102,847,19,1
P4103,386,30,10
P4104,876,45,11
P4105,258,18,17
P4106,282,14,8
P4107,625,36,13
P4108,874,36,18
P4109,39,20,16
P4110,485,19,2
P4111,928,45,5
P4112,219,44,18
P4113,128,7,3
P4114,519,44,17
P4115,612,4,16
P4116,927,34,6
P4117,891,2,19
P4118,687,5,7
P4119,618,10,18
P4120,612,32,14
P4121,259,42,6
P4122,989,41,8
P4123,965,13,15
P4124,365,39,15
P4125,757,5,15
P4126,786,10,16
P4127,543,10,1
P4128,648,38,11
P4129,523,27,5
P4130,906,21,5
P4131,813,8,6
P4132,886,1,2
P4133,15,28,6
P4134,128,49,14
P4135,574,39,11
P4136,108,14,4
P4137,886,21,9
P4138,532,30,3
P4139,669,21,16
P4140,268,49,11
P4141,161,9,4
P4142,259,17,1
P4143,923,5,16
P4144,101,31,19
P4145,505,40,16
P4146,734,38,11
P4147,570,43,8
P4148,246,19,1
P4149,639,36,9
P4150,794,33,12
P4151,836,13,8
P4152,536,14,17
P4153,130,33,10
P4154,352,29,7
P4155,195,43,19
P4156,792,49,6
P4157,915,36,19
P4158,929,44,18
P4159,665,10,15
P4160,381,31,2
P4161,644,6,14
P4162,226,1,10
P4163,700,7,16
P4164,475,27,7
P4165,476,21,8
P4166,264,28,10
P4167,371,16,15
P4168,485,46,8
P4169,433,23,13
P4170,645,20,12
P4171,210,38,8
P4172,571,25,15
P4173,939,28,12
P4174,376,5,11
P4175,394,21,19
P4176,449,18,14
P4177,942,47,18
P4178,363,6,13
P4179,875,29,4
P4180,456,19,17
P4181,724,33,19
P4182,727,1,9
P4183,225,45,7
P4184,981,3,1
P4185,130,42,7
P4186,587,21,7
P4187,475,35,7
P4188,797,41,8
P4189,985,40,16
P4190,276,3,3
P4191,155,25,13
P4192,759,45,10
P4193,217,38,18
P4194,189,45,7
P4195,416,20,5
P4196,980,44,7
P4197,674,45,17
P4198,691,34,4
P4199,545,21,16
P4200,40,48,19
P4201,306,23,10
P4202,942,6,3
P4203,337,13,3
P4204,313,49,17
P4205,74,23,10
P4206,952,9,17
P4207,278,17,17
P4208,175,2,4
P4209,895,19,6
P4210,661,19,12
P4211,272,7,17
P4212,836,42,17
P4213,619,42,10
P4214,650,20,7
P4215,861,9,16
P4216,782,17,13
P4217,858,27,3
P4218,930,47,2
P4219,288,2,16
P4220,723,36,6
P4221,892,19,6
P4222,271,17,13
P4223,929,5,7
P4224,65,39,5
P4225,482,18,7
P4226,935,7,2
P4227,247,17,17
P4228,155,39,13
P4229,46,36,16
P4230,934,40,2
P4231,453,45,5
P4232,200,4,18
P4233,659,38,7
P4234,123,25,11
P4235,0,5,11
P4236,967,30,17
P4237,758,12,16
P4238,854,4,13
P4239,639,24,5
P4240,190,29,16
P4241,578,9,16
P4242,515,4,16
P4243,441,24,14
P4244,920,14,6
P4245,814,5,2
P4246,805,18,14
P4247,142,42,16
P4248,190,19,13
P4249,532,12,15
P4250,226,18,12
P4251,312,17,9
P4252,628,30,18
P4253,948,24,14
P4254,301,11,4
P4255,653,35,8
P4256,995,23,8
P4257,459,17,16
P4258,400,1,10
P4259,550,15,17
P4260,392,32,1
P4261,866,9,18
P4262,763,15,10
P4263,844,28,4
P4264,206,24,1
P4265,209,35,4
P4266,114,22,4
P4267,736,27,4
P4268,645,19,17
P4269,250,45,9
P4270,218,12,19
P4271,406,20,13
P4272,442,1,4
P4273,602,21,5
P4274,353,49,13
P4275,887,45,16
P4276,557,1,5
P4277,549,10,8
P4278,141,47,16
P4279,611,32,1
P4280,500,39,6
P4281,839,22,11
P4282,701,18,16
P4283,546,48,5
P4284,658,46,16
P4285,541,32,7
P4286,845,27,19
P4287,506,28,1
P4288,595,18,9
P4289,880,39,18
P4290,280,49,13
P4291,423,29,15
P4292,855,18,3
P4293,269,44,10
P4294,153,8,9
P4295,613,31,13
P4296,726,34,16
P4297,661,7,3
P4298,943,36,15
P4299,82,18,17
P4300,621,38,14
P4301,946,9,7
P4302,898,9,16
P4303,425,46,8
P4304,274,8,4
P4305,712,35,15
P4306,283,18,5
P4307,979,5,13
P4308,172,14,6
P4309,326,28,5
P4310,717,30,17
P4311,62,4,7
P4312,72,39,6
P4313,762,20,2
P4314,635,25,11
P4315,374,28,7
P4316,632,12,8
P4317,507,2,5
P4318,786,43,18
P4319,942,14,16
P4320,397,22,14
P4321,119,31,12
P4322,933,23,17
P4323,436,48,5
P4324,828,20,14
P4325,675,38,6
P4326,935,4,15
P4327,464,15,7
P4328,285,24,14
P4329,264,25,18
P4330,319,1,1
P4331,672,7,6
P4332,375,31,3
P4333,819,12,5
P4334,88,42,12
P4335,653,5,11
P4336,202,44,13
P4337,820,42,16
P4338,738,38,18
P4339,954,12,17
P4340,333,39,17
P4341,221,18,11
P4342,40,2,10
P4343,707,10,16
P4344,67,15,2
P4345,987,30,17
P4346,775,44,10
P4347,513,17,13
P4348,872,4,12
P4349,636,7,15
P4350,621,41,7
P4351,597,31,13
P4352,936,39,12
P4353,631,34,12
P4354,126,6,2
P4355,254,38,5
P4356,694,45,2
P4357,15,34,13
P4358,476,44,3
P4359,61,15,11
P4360,880,14,16
P4361,431,6,1
P4362,669,37,19
P4363,267,32,11
P4364,34,3,9
P4365,778,3,14
P4366,575,22,9
P4367,493,22,7
P4368,561,10,16
P4369,468,3,3
P4370,766,12,19
P4371,660,29,4
P4372,324,48,7
P4373,303,17,12
P4374,275,7,18
P4375,868,13,5
P4376,962,2,10
P4377,683,4,12
P4378,928,10,8
P4379,200,39,19
P4380,444,24,15
P4381,904,17,1
P4382,323,6,3
P4383,34,19,18
P4384,976,5,18
P4385,481,32,2
P4386,727,10,5
P4387,479,9,1
P4388,64,27,10
P4389,7,13,10
P4390,300,19,5
P4391,342,21,18
P4392,430,24,15
P4393,423,38,8
P4394,331,4,17
P4395,437,24,12
P4396,587,35,12
P4397,173,3,1
P4398,558,4,4
P4399,526,37,8
P4400,872,40,1
P4401,658,48,15
P4402,25,35,18
P4403,819,31,1
P4404,604,44,11
P4405,405,25,2
P4406,231,40,1
P4407,532,13,12
P4408,818,4,16
P4409,549,46,10
P4410,787,14,18
P4411,504,13,15
P4412,668,27,17
P4413,178,6,10
P4414,131,17,3
P4415,822,36,16
P4416,454,40,6
P4417,347,49,3
P4418,539,35,9
P4419,771,17,11
P4420,405,41,13
P4421,75,2,18
P4422,940,13,4
P4423,578,2,8
P4424,853,28,13
P4425,491,43,10
P4426,193,26,2
P4427,983,22,8
P4428,161,47,6
P4429,346,43,16
P4430,950,3,18
P4431,360,35,17
P4432,768,12,6
P4433,583,24,13
P4434,86,5,14
P4435,933,20,10
P4436,261,39,11
P4437,213,39,13
P4438,664,13,12
P4439,721,41,9
P4440,912,45,4
P4441,572,12,7
P4442,779,13,2
P4443,261,10,7
P4444,729,33,9
P4445,282,40,5
P4446,647,16,15
P4447,466,45,18
P4448,379,35,4
P4449,361,3,19
P4450,448,5,7
P4451,440,26,8
P4452,92,11,17
P4453,620,7,13
P4454,752,10,11
P4455,866,42,1
P4456,423,34,2
P4457,141,3,17
P4458,290,8,5
P4459,431,31,6
P4460,748,11,7
P4461,851,45,15
P4462,823,7,19
P4463,688,45,16
P4464,652,2,13
P4465,700,6,5
P4466,997,41,3
P4467,48,32,3
P4468,301,20,19
P4469,880,34,14
P4470,189,16,16
P4471,135,25,17
P4472,554,12,4
P4473,403,7,13
P4474,891,39,8
P4475,864,17,19
P4476,601,45,5
P4477,806,11,2
P4478,340,6,15
P4479,756,23,2
P4480,944,27,11
P4481,703,46,13
P4482,317,6,10
P4483,617,38,3
P4484,362,2,5
P4485,821,22,3
P4486,381,20,6
P4487,232,25,13
P4488,776,15,10
P4489,343,49,19
P4490,548,29,8
P4491,816,8,18
P4492,552,37,3
P4493,528,49,17
P4494,855,33,8
P4495,788,22,10
P4496,818,47,2
P4497,570,5,12
P4498,934,39,6
P4499,182,18,2
P4500,40,38,3
P4501,550,37,17
P4502,396,30,7
P4503,703,31,5
P4504,778,10,1
P4505,493,15,8
P4506,658,42,12
P4507,906,48,14
P4508,332,44,16
P4509,126,18,10
P4510,557,23,15
P4511,556,33,15
P4512,0,16,10
P4513,167,38,7
P4514,619,35,3
P4515,18,34,2
P4516,331,28,6
P4517,583,2,9
P4518,455,30,10
P4519,956,13,4
P4520,108,41,3
P4521,267,16,9
P4522,444,5,17
P4523,239,28,14
P4524,928,39,10
P4525,300,45,13
P4526,601,20,12
P4527,102,24,1
P4528,987,27,19
P4529,249,30,19
P4530,452,45,6
P4531,519,27,13
P4532,152,26,19
P4533,858,7,13
P4534,173,42,4
P4535,342,47,2
P4536,669,38,15
P4537,430,5,12
P4538,726,23,7
P4539,688,28,18
P4540,686,34,13
P4541,851,15,17
P4542,849,32,4
P4543,657,26,14
P4544,961,48,13
P4545,323,31,3
P4546,989,19,18
P4547,672,9,14
P4548,638,29,15
P4549,419,39,3
P4550,593,4,1
P4551,484,3,17
P4552,658,29,3
P4553,750,11,14
P4554,411,33,3
P4555,935,38,13
P4556,83,11,15
P4557,112,27,18
P4558,736,33,14
P4559,331,21,3
P4560,377,39,19
P4561,754,31,8
P4562,654,38,4
P4563,40,46,4
P4564,934,2,19
P4565,769,27,11
P4566,958,36,1
P4567,796,11,8
P4568,104,47,15
P4569,201,18,1
P4570,449,1,7
P4571,818,35,11
P4572,842,35,14
P4573,972,31,16
P4574,265,28,14
P4575,909,39,12
P4576,209,1,17
P4577,562,25,14
P4578,117,43,10
P4579,712,38,14
P4580,376,20,18
P4581,550,3,9
P4582,539,2,17
P4583,770,18,6
P4584,83,44,8
P4585,453,10,13
P4586,666,5,18
P4587,628,9,5
P4588,513,2,6
P4589,604,34,19
P4590,677,38,4
P4591,386,31,7
P4592,911,10,4
P4593,349,12,11
P4594,295,36,12
P4595,257,21,14
P4596,80,49,13
P4597,936,47,10
P4598,267,6,18
P4599,418,48,16
P4600,234,49,5
P4601,832,3,8
P4602,310,10,14
P4603,812,5,5
P4604,974,46,8
P4605,985,26,6
P4606,356,21,16
P4607,212,45,4
P4608,573,26,12
P4609,48,38,11
P4610,126,44,3
P4611,222,26,12
P4612,920,8,5
P4613,278,5,6
P4614,407,15,19
P4615,504,16,18
P4616,293,1,16
P4617,795,16,11
P4618,276,37,5
P4619,437,3,9
P4620,106,47,3
P4621,657,31,8
P4622,419,13,6
P4623,610,16,4
P4624,428,43,12
P4625,374,21,12
P4626,72,2,16
P4627,948,27,10
P4628,997,38,14
P4629,633,26,13
P4630,29,38,9
P4631,187,46,7
P4632,363,25,12
P4633,865,11,5
P4634,799,8,18
P4635,450,8,4
P4636,194,33,2
P4637,155,7,3
P4638,171,38,12
P4639,846,21,3
P4640,40,8,4
P4641,62,21,6
P4642,22,20,12
P4643,359,8,19
P4644,74,46,10
P4645,559,31,1
P4646,671,29,17
P4647,824,48,16
P4648,117,9,9
P4649,611,15,9
P4650,379,30,9
P4651,928,26,12
P4652,919,10,9
P4653,678,29,15
P4654,289,16,2
P4655,439,36,11
P4656,667,20,11
P4657,932,45,8
P4658,6,37,6
P4659,195,22,7
P4660,420,7,3
P4661,567,23,8
P4662,832,41,18
P4663,192,40,17
P4664,558,29,11
P4665,147,16,2
P4666,786,38,19
P4667,668,28,7
P4668,201,48,18
P4669,443,38,8
P4670,913,31,14
P4671,987,14,7
P4672,418,33,4
P4673,426,9,17
P4674,478,27,5
P4675,474,24,12
P4676,125,13,9
P4677,394,26,13
P4678,816,29,18
P4679,880,49,9
P4680,805,43,4
P4681,575,28,8
P4682,324,28,1
P4683,391,8,17
P4684,929,23,9
P4685,687,29,13
P4686,627,5,2
P4687,439,42,13
P4688,203,7,9
P4689,485,42,6
P4690,832,36,1
P4691,30,41,5
P4692,387,27,3
P4693,624,46,4
P4694,876,2,1
P4695,433,25,14
P4696,836,9,9
P4697,925,27,4
P4698,375,1,18
P4699,343,23,14
P4700,442,10,4
P4701,578,42,10
P4702,74,25,3
P4703,556,3,7
P4704,771,6,10
P4705,665,6,13
P4706,154,2,4
P4707,429,18,18
P4708,362,23,11
P4709,447,2,4
P4710,986,12,14
P4711,233,22,18
P4712,562,37,8
P4713,817,20,10
P4714,261,39,5
P4715,826,24,7
P4716,124,48,12
P4717,910,20,3
P4718,244,1,4
P4719,541,1,10
P4720,937,17,4
P4721,484,1,15
P4722,121,45,10
P4723,124,30,16
P4724,548,41,15
P4725,169,47,19
P4726,123,3,19
P4727,868,46,18
P4728,34,11,12
P4729,86,24,16
P4730,645,22,1
P4731,707,44,16
P4732,785,45,2
P4733,200,26,15
P4734,368,13,7
P4735,796,1,1
P4736,76,24,5
P4737,58,10,10
P4738,430,35,4
P4739,637,24,14
P4740,499,28,13
P4741,912,36,1
P4742,108,16,16
P4743,735,40,9
P4744,277,16,16
P4745,67,17,19
P4746,68,15,15
P4747,164,16,14
P4748,488,15,10
P4749,304,34,12
P4750,908,11,1
P4751,673,1,17
P4752,364,15,9
P4753,853,26,19
P4754,820,4,18
P4755,378,43,7
P4756,342,5,9
P4757,946,35,12
P4758,898,13,7
P4759,553,10,14
P4760,353,11,15
P4761,415,18,15
P4762,108,34,6
P4763,562,39,14
P4764,761,41,2
P4765,496,42,8
P4766,340,23,13
P4767,941,7,6
P4768,382,39,5
P4769,532,3,5
P4770,299,12,1
P4771,138,7,9
P4772,358,49,6
P4773,835,26,7
P4774,498,33,9
P4775,384,37,5
P4776,603,48,14
P4777,958,15,5
P4778,279,2,8
P4779,636,41,7
P4780,482,7,13
P4781,908,32,13
P4782,110,4,8
P4783,865,20,11
P4784,138,36,18
P4785,995,32,19
P4786,434,28,6
P4787,508,13,2
P4788,272,1,13
P4789,98,35,11
P4790,763,48,1
P4791,849,30,2
P4792,103,36,17
P4793,213,25,8
P4794,760,16,2
P4795,663,19,6
P4796,761,1,5
P4797,786,5,16
P4798,164,22,8
P4799,998,24,19
P4800,852,43,16
P4801,519,45,13
P4802,283,37,7
P4803,516,36,16
P4804,656,36,16
P4805,612,4,12
P4806,163,36,14
P4807,885,18,18
P4808,658,16,18
P4809,63,41,16
P4810,90,18,16
P4811,116,22,13
P4812,865,2,9
P4813,266,21,9
P4814,821,36,13
P4815,684,44,4
P4816,558,39,9
P4817,139,47,15
P4818,245,39,14
P4819,660,29,19
P4820,757,26,12
P4821,394,21,6
P4822,486,17,3
P4823,475,16,16
P4824,516,31,17
P4825,976,9,16
P4826,183,31,6
P4827,19,14,8
P4828,936,49,19
P4829,557,37,2
P4830,523,2,14
P4831,581,48,12
P4832,528,46,17
P4833,882,14,15
P4834,146,33,18
P4835,665,35,16
P4836,303,39,13
P4837,619,47,17
P4838,747,20,8
P4839,819,2,1
P4840,863,41,3
P4841,581,19,16
P4842,694,37,2
P4843,761,18,15
P4844,227,16,1
P4845,101,4,9
P4846,586,12,16
P4847,416,29,4
P4848,957,7,12
P4849,215,14,1
P4850,406,12,1
P4851,398,35,7
P4852,922,5,18
P4853,714,17,15
P4854,703,42,13
P4855,760,32,16
P4856,498,10,7
P4857,753,43,16
P4858,464,17,13
P4859,690,5,14
P4860,948,45,17
P4861,973,42,12
P4862,730,9,13
P4863,81,49,15
P4864,603,33,4
P4865,946,36,2
P4866,686,36,18
P4867,750,18,2
P4868,771,9,15
P4869,902,29,19
P4870,364,14,15
P4871,162,25,10
P4872,47,15,11
P4873,510,6,10
P4874,328,42,5
P4875,839,29,9
P4876,115,15,19
P4877,940,29,13
P4878,848,4,18
P4879,336,18,17
P4880,880,49,6
P4881,736,44,10
P4882,863,39,2
P4883,839,16,6
P4884,146,11,13
P4885,574,14,18
P4886,805,3,7
P4887,322,42,2
P4888,442,38,14
P4889,836,45,5
P4890,12,42,18
P4891,942,18,11
P4892,493,20,10
P4893,700,48,11
P4894,286,25,2
P4895,719,38,15
P4896,113,13,7
P4897,479,4,9
P4898,21,14,5
P4899,348,33,7
P4900,725,28,2
P4901,682,37,3
P4902,834,8,2
P4903,565,44,19
P4904,905,34,4
P4905,809,44,7
P4906,319,5,7
P4907,125,5,17
P4908,276,31,19
P4909,975,45,16
P4910,203,9,3
P4911,193,42,15
P4912,680,32,14
P4913,663,33,15
P4914,546,3,14
P4915,695,30,7
P4916,285,12,3
P4917,56,29,17
P4918,733,3,10
P4919,302,26,15
P4920,162,30,6
P4921,18,9,17
P4922,369,26,17
P4923,263,2,14
P4924,793,3,18
P4925,112,46,5
P4926,487,4,8
P4927,326,25,7
P4928,541,13,4
P4929,646,39,18
P4930,578,44,5
P4931,64,35,16
P4932,291,23,14
P4933,24,9,19
P4934,548,2,14
P4935,0,41,9
P4936,910,44,6
P4937,548,31,17
P4938,140,44,19
P4939,743,47,12
P4940,647,2,4
P4941,900,32,16
P4942,187,18,11
P4943,127,13,4
P4944,200,46,17
P4945,126,5,8
P4946,256,42,14
P4947,675,44,2
P4948,546,10,11
P4949,193,43,11
P4950,702,25,6
P4951,103,34,14
P4952,534,37,10
P4953,264,30,8
P4954,801,7,7
P4955,941,6,8
P4956,973,3,8
P4957,383,13,2
P4958,259,3,16
P4959,413,26,9
P4960,990,24,13
P4961,357,6,12
P4962,74,43,17
P4963,354,49,2
P4964,583,42,13
P4965,770,12,1
P4966,909,49,19
P4967,187,36,11
P4968,972,2,5
P4969,684,11,1
P4970,991,39,13
P4971,289,34,8
P4972,44,26,6
P4973,572,18,17
P4974,82,21,12
P4975,122,36,1
P4976,357,40,3
P4977,527,46,14
P4978,65,44,8
P4979,935,22,11
P4980,656,30,14
P4981,374,43,8
P4982,161,30,3
P4983,745,8,7
P4984,379,34,19
P4985,655,47,4
P4986,357,9,16
P4987,187,20,13
P4988,321,40,19
P4989,449,25,5
P4990,473,19,5
P4991,12,5,4
P4992,183,11,2
P4993,110,15,13
P4994,926,8,16
P4995,507,19,2
P4996,289,23,19
P4997,294,27,17
P4998,450,40,5
P4999,903,32,18
P5000,214,26,18
